Bananas	O
contain	O
a	O
natural	O
chemical	O
that	O
can	O
make	O
a	O
person	O
happy	O
-	O
The	O
same	O
chemical	O
found	O
in	O
Prozac	O
.	O
”	O
Easy	O
Ladies	O
!	O

@	O
Milynda	O
lamictal	O
makes	O
you	O
sleepy	B
at	O
night	O
,	O
but	O
I	O
take	O
it	O
around	O
10	O
or	O
so	O
.	O
Once	O
you	O
get	O
in	O
the	O
system	O
,	O
you	O
start	O
falling	O
asleep	O
normally	O
.	O

I	O
have	O
put	B
on	I
weight	I
(	O
thanks	O
MS	B
and	O
#	O
Tysabri	O
)	O
.	O
Always	O
look	O
on	I
the	O
bright	O
side	O
:	O
time	O
for	O
a	O
@	O
thinkgeek	O
t	O
-	O
shirt	O
spree	O
!	O
#	O
winning	O

@	O
KellyRawlings	O
so	O
interesting	O
!	O
!	O
Any	O
mention	O
of	O
meds	O
like	O
Symlin	O
,	O
victoza	O
and	O
their	O
impact	O
on	O
lag	O
times	O
,	O
post	O
meal	O
hypers	O
?	O

@	O
CIPROisPOISON	O
You	O
r	O
Right	O
Cipro	O
nearly	B
killed	I
me	I

@	O
SpicyNyx	O
I	O
think	O
I'm	O
that	O
too	O
!	O
Had	O
rare	O
breastmilk	B
production	I
on	O
quetiapine	O
,	O
ultra	O
rare	O
hallucinations	B
(	O
not	O
psychosis	O
)	O
on	O
valproate	B
.	O

PAXIL	O
WHY	O
YOU	O
NOT	B
LET	I
ME	I
SLEEP	I
?	O
!	O
?	O

@	O
UberFacts	O
:	O
Bananas	O
contain	O
a	O
natural	O
chemical	O
that	O
can	O
make	O
a	O
person	O
happy	O
-	O
The	O
same	O
chemical	O
found	O
in	O
Prozac	O
.	O

If	O
you	O
or	O
a	O
loved	O
one	O
has	O
experienced	O
severe	O
side	O
effects	O
from	O
the	O
use	O
of	O
Fosamax	O
,	O
contact	O
us	O
toll	O
free	O
.	O
1	O
.	O
888	O
.	O
520	O
.	O
5202	O
.	O
Habla	O
Espanol	O
.	O

@	O
ETtube	O
@	O
HeatherM211	O
Not	O
sure	O
I	O
follow	O
.	O
Are	O
you	O
encouraging	O
antiplatelet	O
use	O
with	O
dabigatran	O
?	O

@	O
Glass1ncision	O
It's	O
called	O
Seroquel	O
Prolong	O
(	O
Quetiapine	O
)	O
.	O
Apart	O
from	O
the	O
weight	B
gain	I
,	O
I	O
am	O
actually	O
quite	O
happy	O
with	O
it	O
.	O

@	O
jaygascoigne	O
that	O
med	O
didn't	O
help	O
me	O
.	O
I'm	O
on	O
Humira	O
.	O
It	O
works	O
great	O
.	O
With	O
surgery	O
&	O
humira	O
been	O
in	O
remission	O
5	O
-	O
6yrs	O
.	O

@	O
RogerBezanis	O
:	O
Any	O
ideas	O
on	O
treating	O
depression	B
naturally	O
Paxil	O
is	O
making	O
me	O
gain	B
unwanted	I
pounds	I
and	O
water	B
weight	I
.	O
.	O
.	O
Thanks	O

@	O
ATLangela	O
LOLOL	O
!	O
!	O
!	O
Mine	O
is	O
6	O
and	O
I	O
can't	O
imagine	O
that	O
long	O
in	O
the	O
car	O
with	O
her	O
.	O
Without	O
lots	O
of	O
Prozac	O
and	O
sedatives	O
.	O

02	O
.	O
20	O
Day	O
19	O
Rivaroxaban	O
Diary	O
woken	O
up	O
with	O
pains	B
in	I
head	I
,	O
neck	B
,	O
back	B
,	O
hip	B
and	O
legs	B
.	O
Seeing	O
Doc	O
in	I
7	O
hours	O
.	O
No	O
way	O
am	O
I	O
continuin	O
with	O
Rvxn	O

I	O
LOVE	O
this	O
Effexor	O
!	O
MAJORLY	O
kills	B
my	I
libido	I
.	O

“	O
@	O
joshuagates	O
:	O
TIP	O
:	O
My	O
5	O
item	O
health	O
kit	O
for	O
distant	O
lands	O
:	O
Cipro	O
(	O
gut	O
)	O
,	O
Z	O
Pak	O
(	O
chest	O
)	O
,	O
Pepto	O
(	O
stomach	O
)	O
,	O
Purell	O
(	O
germs	O
)	O
,	O
Advil	O
(	O
hangovers	O
)	O
.	O

Simple	O
summary	O
of	O
Zoledronic	O
acid	O
efficacy	O
in	O
MEN	O
.	O
Nejm	O
paper	O
2012	O
1st	O
trial	O
with	O
fracture	O
primary	O
end	O
pointpic	O
.	O
twitter	O
.	O
com	O
/	O
SMQz1OQb6c	O

@	O
Glinda	O
_	O
R	O
@	O
SpooniesCouch	O
Cymbalta	O
withdrawal	B
is	O
getting	O
top	O
billing	O
at	O
the	O
moment	O
,	O
however	O
.	O
Ugh	O
!	O
xx	O

@	O
MondaysMomma	O
It's	O
ok	O
,	O
I	O
guess	O
it's	O
just	O
a	O
case	O
of	O
trial	O
and	O
error	O
with	O
antidepressants	B
.	O
Coming	O
off	O
venlafaxine	O
has	O
been	O
so	O
nasty	B
:	O
(	O

didn't	O
take	O
my	O
vyvanse	O
today	O
if	O
anyone	O
is	O
brave	O
enough	O
to	O
cross	O
my	O
path	O
today	O
.	O
.	O
.	O
#	O
wildnout	O

@	O
IamCarrieeeeee	O
what	O
an	O
arsehole	O
!	O
I'm	O
off	O
Quetiapine	O
and	O
on	O
Lamotrigine	O
,	O
I'm	O
so	O
fucking	O
happy	O
*	O
:	O
)	O
*	O
hypomanic	O

@	O
louisnewbery	O
I	O
started	O
reducing	O
my	O
Venlafaxine	O
last	O
week	O
.	O
The	O
lower	O
dose	O
is	O
just	O
starting	O
to	O
take	O
effect	O
.	O
Another	O
5	O
weeks	O
to	O
go	O
-	O
at	O
least	O
!	O

@	O
whiskey	O
_	O
girl33	O
oh	O
yuck	O
.	O
We	O
all	O
have	O
our	O
least	O
favorite	O
body	O
fluid	O
.	O
Mine	O
is	O
aerosolized	O
blood	O
.	O
Nosebleed	B
on	O
Xarelto	O
-	O
eeeew	O

Lunch	O
:	O
Carnita	O
taco	O
from	O
new	O
Taqueria	O
,	O
chicken	O
soup	O
,	O
Ricola	O
throat	O
lozenge	O
for	O
dessert	O
.	O
Clearly	O
trying	O
to	O
add	O
stomach	O
issues	O
to	O
the	O
mix	O
.	O
O	O
_	O
o	O

Bananas	O
contain	O
a	O
natural	O
chemical	O
that	O
can	O
make	O
a	O
person	O
happy	O
-	O
The	O
same	O
chemical	O
found	O
in	O
Prozac	O
.	O
#	O
Did	O
u	O
know	O
#	O

@	O
skinny	O
_	O
the	O
_	O
minx	O
I'm	O
on	O
fluoxetine	O
.	O
Hm	O
:	O
(	O
hope	O
you	O
feel	O
better	O
soon	O
lovely	O
!	O
!	O
Have	O
you	O
got	O
quite	O
a	O
stressful	O
job	O
?	O
X	O

@	O
neurobonkers	O
also	O
,	O
meth	O
mouth	I
is	O
really	O
poverty	O
mouth	I
.	O
u	O
don't	O
c	O
when	O
people	O
take	O
it	O
for	O
ADHD	O
.	O
nor	O
in	O
Prozac	O
,	O
which	O
similarly	O
dries	B
mouth	I

@	O
SamAmbreen	O
doesn't	O
work	O
.	O
Citilopram	O
then	O
fluoxetine	O
before	O
,	O
bothe	O
did	O
nothing	O
for	O
my	O
mood	B
but	O
made	O
me	O
vomit	B
so	O
much	O
I	O
lost	B
4	I
stone	I
in	O
6mo	O
.	O

If	O
you	O
take	O
Byetta	O
,	O
Victoza	O
,	O
or	O
Januvia	O
,	O
read	O
'Incretins	O
Under	O
Siege	O
?	O
Don't	O
Jump	O
To	O
Conclusions'	O
@	O
diabetesblogs	O
-	O
http	O
:	O
/	O
/	O
ht	O
.	O
ly	O
/	O
meK6k 	O

Grandpa	O
Prozac	O
&	O
The	O
Gr8	O
Depression	O
by	O
@	O
LTCartoons	O
#	O
offbeat	O
#	O
cartoons	O
#	O
humorpic	O
.	O
twitter	O
.	O
com	O
/	O
ziQxo5TYKn	O

@	O
SKRDad	O
it's	O
all	O
about	O
the	O
long	O
view	O
,	O
right	O
?	O
Humira	O
has	O
side	O
effects	O
for	O
a	O
few	O
days	O
,	O
but	O
totally	O
worth	O
it	O
!	O

@	O
ybnormal622	O
I	O
am	O
on	O
only	O
25mg	O
lamictal	O
but	O
it	O
makes	O
me	O
anxious	B
and	O
insomniac	B
so	O
I	O
skip	O
sometimes	O
and	O
get	O
depressed	B
.	O

@	O
HospitalPatient	O
have	O
been	O
on	O
Humira	O
2years	O
now	O
n	O
get	O
on	O
off	O
chest	B
infections	I
that	O
sometimes	O
need	O
2diff	O
pills	O
2sort	O
out	O
should	O
I	O
b	O
worried	O
?	O

This	O
vyvanse	O
is	O
keeping	B
me	I
up	I
tho	O
but	O
I	O
want	O
to	O
sleep	O

euthyrox100	O
before	O
breakfast	O
,	O
metoprolol	O
tartrate	O
after	O
breakfast	O
-	O
lifetime	O
partner	O
!	O
!	O
!	O

Ah	O
the	O
sting	B
of	O
the	O
#	O
Humira	O
injection	O
.	O
How	O
I've	O
not	O
missed	O
thee	O
.	O
#	O
Ankylosing	O
#	O
Spondylitisq	O
#	O
Ouch	O

@	O
BipolarBlogger	O
I'm	O
on	O
Citalapram	O
and	O
600mg	O
Quetiapine	O
-	O
I'm	O
not	B
sleeping	I
!	O

Seroquel	O
takes	O
a	O
long	O
time	O
to	O
hit	O
me	O
]	O
:	O
:	O
:	O

PBS	O
listing	O
'imminent'	O
for	O
novel	O
oral	O
anticoagulants	O
dabigatran	O
(	O
Pradaxa	O
)	O
and	O
rivaroxaban	O
(	O
Xarelto	O
)	O
http	O
:	O
/	O
/	O
bit	O
.	O
ly	O
/	O
1b11SOB 	O
#	O
dabigatran	O

going	B
off	I
of	I
olanzapine	I
is	I
no	I
picnic	I
.	O
you	O
have	O
to	O
be	O
prepared	O
to	O
ask	O
the	O
aid	O
of	I
the	O
gods	O
,	O
Jesus	O
,	O
Krishna	O
.	O

“	O
@	O
UberFacts	O
:	O
Bananas	O
contain	O
a	O
natural	O
chemical	O
that	O
can	O
make	O
a	O
person	O
happy	O
-	O
The	O
same	O
chemical	O
found	O
in	O
Prozac	O
.	O
”	O
@	O
katelynolsen	O
_	O
xX	O

Kanye	O
needs	O
the	O
strongest	O
dose	O
of	O
Paxil	O
or	O
Celexa	O
that	O
can	O
be	O
prescribed	O

#	O
Press	O
:	O
organising	O
your	O
#	O
ISTH2013	O
diary	O
?	O
Oral	O
presentation	O
on	O
measurement	O
of	O
#	O
dabigatran	O
plasma	O
concentration	O
ePoster	O
4	O
.	O
53	O
-	O
2	O
,	O
13	O
:	O
30	O
.	O
.	O
.	O

That	O
seroquel	O
had	O
me	O
sleepy	B
as	O
fuck	O
alllll	O
damn	O
day	O

Sliding	O
down	O
the	O
surface	O
of	O
things	O
.	O
Keep	O
the	O
Venlafaxine	O
,	O
I'm	O
done	O
.	O

Dear	O
ciprofloxacin	O
,	O
i	O
count	O
on	O
you	O
:	O
(	O

@	O
goodbyesoberday	O
they	O
must	O
lace	O
bacon	O
with	O
venlafaxine	O
,	O
withdrawal	O
from	O
thus	O
is	O
supposedly	O
as	O
bad	O
as	O
illicit	O
'hard'	O
drugs	O
.	O
good	O
cheese	O
too	O
!	O

Dr	O
John	O
buse	O
:	O
most	O
impressive	O
at	O
#	O
2013ada	O
Victoza	O
+	O
degludec	O
=	O
-	O
1	O
.	O
9	O
%	O
A1c	O
reduction	O
insulin	O
on	O
steroids	O
bit	O
of	O
weight	O
loss	O
too	O
#	O
dTTCOYD	O

Okay	O
,	O
moving	O
backwards	O
,	O
our	O
IT	O
guys	O
have	O
been	O
Glasses	O
,	O
Turban	O
,	O
Ear	O
Hair	O
,	O
Fatty	O
3	O
,	O
Shorts	O
,	O
Fatty	O
2	O
,	O
Lozenge	O
,	O
and	O
Fatso	O
.	O

Depression	O
hurts	O
.	O
.	O
.	O
Cymbalta	O
can	O
help	O
@	O
ShannonGaghan	O

My	O
mind	B
races	I
when	O
I'm	O
on	O
a	O
vyvanse	O

{	O
1	O
}	O
Alendronate	O
is	O
a	O
bisphosphonate	O
used	O
to	O
treat	O
Oseoporosis	O
and	O
Paget's	O
disease	O
.	O
How	O
should	O
the	O
patient	O
take	O
it	O
?	O
pic	O
.	O
twitter	O
.	O
com	O
/	O
dGu1bARBhA	O

20	O
.	O
05	O
day	O
16	O
Rivaroxaban	O
diary	O
.	O
Intense	O
back	B
and	O
knee	B
pain	I
most	O
of	O
day	O
;	O
taken	O
more	O
paracetamol	O
.	O
Had	O
to	O
shop	O
,	O
walking	B
painful	I
.	O

@	O
lynnbett	O
Off	O
Venlafaxine	O
which	O
was	O
pure	O
hell	O
for	O
me	O
,	O
I	O
can't	O
switch	O
these	O
meds	O
anymore	O
,	O
tired	O
of	O
feeling	B
like	I
shit	I
all	O
day	O
.	O

@	O
mocoddle	O
We	O
should	O
just	O
add	O
prozac	O
to	O
the	O
water	O
supply	O
.	O
Problem	O
solved	O
!	O

Comparison	O
of	O
4	O
#	O
antipsychotics	O
in	O
patients	O
over	O
40	O
with	O
psychiatric	O
disorders	O
.	O
#	O
quetiapine	O
least	O
safe	O
http	O
:	O
/	O
/	O
1	O
.	O
usa	O
.	O
gov	O
/	O
14mFdY1 	O
#	O
mhchat	O
#	O
mhsm	O

@	O
JennNiff	O
I	O
didn't	O
take	O
a	O
zopiclone	O
in	O
the	O
end	O
.	O
.	O
but	O
I'm	O
third	O
day	O
of	O
no	O
quetiapine	O
&	O
I'm	O
eating	B
incredibly	I
differently	I
!	O

But	O
Any	O
Given	O
Night	O
I’d	O
Still	O
Pop	O
That	O
Ass	O
Liike	O
a	O
Prozac	O
!	O

do	O
i	O
come	O
off	O
my	O
medication	O
or	O
do	O
i	O
just	O
continue	O
to	O
be	O
a	O
prozac	O
zombie	B

@	O
CIPROisPOISON	O
ironically	O
,	O
the	O
pulmonologist	O
I	O
work	O
with	O
told	O
me	O
about	O
his	O
own	O
devastating	O
bout	O
with	O
'tendonitis'	O
after	O
Cipro	O

08	O
.	O
59	O
day	O
17	O
Rivaroxaban	O
diary	O
.	O
A	O
doctor	O
will	O
'phone	O
me	O
back	O
about	O
lunchtime	O
.	O
I'm	O
minded	O
to	O
take	O
myself	O
off	O
rvrxbn	O
as	O
side	O
effects	O
worsen	O
.	O

@	O
DeanMikel	O
I'm	O
not	O
lazy	O
!	O
!	O
My	O
seroquel	O
knocked	B
me	I
out	I
!	O
!	O

@	O
ryanfarias24	O
they	O
have	O
.	O
06	O
nicotine	O
content	O
and	O
did	O
u	O
see	O
the	O
new	O
jerseys	O
?	O

@	O
eddo75	O
.	O
.	O
.	O
I	O
may	O
just	O
at	O
this	O
gentle	O
,	O
gentle	O
man	O
for	O
a	O
while	O
,	O
soothing	O
,	O
like	O
a	O
big	O
gay	O
lozenge	O
.	O
.	O
.	O
pic	O
.	O
twitter	O
.	O
com	O
/	O
Zuce0xgwtp	O

I	O
couldn't	O
remember	O
if	O
I	O
took	O
a	O
vyvanse	O
or	O
not	O
early	O
so	O
I	O
took	O
another	O
one	O
&	O
now	O
I'm	O
spazzing	B
out	I
.	O
.	O
.	O
bc	O
obviously	O
I	O
took	O
one	O
already	O
#	O
adhd	B

“	O
@	O
UberFacts	O
:	O
Bananas	O
contain	O
a	O
natural	O
chemical	O
that	O
can	O
make	O
a	O
person	O
happy	O
-	O
The	O
same	O
chemical	O
found	O
in	O
Prozac	O
.	O
”	O
Plenty	O
of	O
bananas	O
then	O
!	O

scienceindex	O
.	O
com	O
The	O
Safety	O
,	O
Tolerability	O
,	O
and	O
Efficacy	O
of	O
Once	O
-	O
Daily	O
Memantine	O
(	O
28 mg	O
)	O
:	O
A	O
Multinational	O
,	O
.	O
.	O
.	O
http	O
:	O
/	O
/	O
dlvr	O
.	O
it	O
/	O
3SmWWW	O

It's	O
so	O
sad	O
but	O
I	O
can't	O
function	O
without	O
my	O
vyvanse	O
.	O

Smokin'	O
loud	O
sippin'	O
lean	O
.	O
.	O
thee	O
nigs	O
square	O
nicotine	O
.	O
.	O
irene	O
n	O
a	O
zip	O
o	O
lean	O
.	O
Loud	O
made	O
me	O
cough	O
I	O
need	O
medaScene	O
@	O
KingL	O

The	O
Fluoroquinolone	O
Syndrome	O
<	O
-	O
Have	O
you	O
experienced	O
side	O
effects	O
from	O
taking	O
Quinolones	O
antibiotics	O
(	O
e	O
.	O
g	O
.	O
Cipro	O
)	O
?	O

If	O
I	O
owned	O
a	O
business	O
I	O
would	O
sell	O
adderall	O
or	O
vyvanse	O
to	O
all	O
of	O
my	O
employees	O
so	O
they	O
would	O
work	O
harder	O
haha	O

@	O
_	O
MyBitchsLoveMe	O
:	O
Depression	O
hurts	O
.	O
Cymbalta	O
can	O
help	O
.	O
CRACKING	O
THE	O
FUCK	O
UP	O
!	O
!	O
!	O
!	O

Does	O
anybody	O
take	O
Baclofen	O
?	O
so	O
,	O
what	O
dose	O
?	O
Just	O
curious	O
.	O
I	O
now	O
take	O
50mg	O
a	O
day	O
Can	O
you	O
RT	O
please	O
@	O
PositiveAboutMS	O
?	O

I'm	O
feeling	O
extra	O
OCD	B
right	O
now	O
.	O
Like	O
chill	O
out	O
Melissa	O
.	O
My	O
vyvanse	O
has	O
me	O
wired	B
or	O
something	O
.	O
.	O
.	O
.	O

Tysabri	O
bruises	B
are	O
the	O
bestpic	O
.	O
twitter	O
.	O
com	O
/	O
L1gpZeFu5f	O

@	O
ineedyouhere66	O
ugh	O
the	O
olanzapine	O
makes	O
me	O
so	O
tired	B
:	O
(	O

@	O
AuthorEdKurtz	O
Oh	O
,	O
it	O
sucks	O
,	O
but	O
try	O
doing	O
SNRI	O
withdrawal	B
.	O
They	O
had	O
to	O
put	O
me	O
on	O
a	O
whole	O
other	O
drug	O
just	O
to	O
get	O
me	O
off	O
Effexor	O
.	O
:	O
(	O

@	O
builtinbc	O
oh	O
I	O
thought	O
cymbalta	O
was	O
a	O
pain	O
med	O
.	O
sorry	O
,	O
that	O
sucks	O
.	O

@	O
KarimS3D	O
Olanzapine	O
actually	O
makes	O
you	O
put	B
on	I
weight	I
,	O
even	O
when	O
you	O
aren't	O
eating	O
that	O
much	O

Seroquel	O
did	O
me	O
good	O
last	O
night	O
*	O
.	O
*	O

“	O
@	O
UberFacts	O
:	O
Bananas	O
contain	O
a	O
natural	O
chemical	O
that	O
can	O
make	O
a	O
person	O
happy	O
-	O
same	O
chemical	O
found	O
in	O
Prozac	O
.	O
”	O
I	O
love	O
bananas	O
@	O
ollieJcohen	O

@	O
radioheadlyrics	O
'I	O
won't	O
be	O
around	O
.	O
.	O
.	O
when	O
you	O
really	O
need	O
me	O
.	O
'	O
Lozenge	O
of	O
Love	O
-	O
one	O
of	O
my	O
favorite	O
#	O
Radiohead	O
songs	O
.	O

So	O
I	O
may	O
be	O
allergic	B
to	O
the	O
metoprolol	O
.	O
Rash	B
on	O
my	I
face	O
.	O
Needing	B
my	I
inhaler	I
daily	O
since	O
Friday	O
.	O

Day	O
3	O
without	O
#	O
venlafaxine	O
.	O
Worst	O
drug	O
ever	O
to	O
withdraw	B
from	O
?	O
Any	O
support	O
much	O
appreciated	O
!	O

@	O
FashonButterfly	O
I	O
have	O
a	O
friend	O
on	O
that	O
with	O
Lupus	O
and	O
she	O
is	O
doing	O
well	O
.	O
Everybody	O
is	O
different	O
though	O
.	O
Maybe	O
you	O
shud	O
try	O
Enbrel	O
.	O

How	O
df	O
is	O
xarelto	O
pronounced	O
as	O
zarelto	O
?	O
It	O
has	O
an	O
X	O
n	O
an	O
X	O
does	O
not	O
make	O
the	O
Z	O
sound	O
!	O
!	O
!	O
#	O
WhatWithTheWorld	O

#	O
FDA	O
approves	O
Noven's	O
Brisdelle	O
(	O
paroxetine	O
)	O
for	O
hot	O
flashes	O
associated	O
with	O
menopause	O

@	O
AnitaAlibi	O
Paxil	O
didn't	O
end	O
up	O
helping	O
.	O
Tried	O
Prozac	O
and	O
Wellbutrin	O
and	O
it	O
helped	O
my	O
mood	B
and	O
anxiety	B
but	O
gave	O
me	O
vertigo	B
.	O
:	O
(	O

#	O
ifitwasntfor	O
vyvanse	O
&	O
coffee	O
,	O
I	O
wouldn't	O
be	O
able	O
to	O
work	O
as	O
much	O
as	O
I	O
do	O
.	O
#	O
true	O

PBS	O
listing	O
'imminent'	O
for	O
novel	O
oral	O
anticoagulants	O
dabigatran	O
(	O
Pradaxa	O
)	O
and	O
rivaroxaban	O
(	O
Xarelto	O
)	O
http	O
:	O
/	O
/	O
bit	O
.	O
ly	O
/	O
1b11SOB 	O
#	O
dabigatran	O

Vyvanse	O
,	O
commonly	O
known	O
as	O
OCD	B
in	O
a	O
pill	O
.	O

@	O
pharmacy	O
_	O
care	O
#	O
FDA	O
has	O
approved	O
#	O
paroxetine	O
which	O
is	O
,	O
a	O
SSRI	O
,	O
to	O
treat	O
moderate	O
to	O
severe	O
hot	O
flashes	O
associated	O
with	O
#	O
menopause	O
.	O

@	O
spondylitis	O
Traveling	O
to	O
India	O
while	O
on	O
Humira	O
.	O
.	O
What	O
shots	O
are	O
required	O
to	O
stay	O
safe	O
?	O
Thanks	O
.	O

No	O
seriously	O
,	O
someone	O
REALLY	O
needs	O
to	O
get	O
Stellan	O
Skarsgard	O
a	O
throat	O
lozenge	O
.	O
#	O
kingarthur	O

@	O
LynseyPattie	O
@	O
ukschizophrenic	O
@	O
Polarbear3127	O
@	O
weswroten	O
Its	O
quetiapine	O
for	O
me	O
.	O
I	O
was	O
wearing	O
factor	O
30	O
today	O
&	O
I	O
still	O
burnt	B
:	O
-	O
(	O

Cymbalta	O
is	O
used	O
for	O
way	O
too	O
many	O
things	O
how	O
does	O
no	O
one	O
see	O
that	O
as	O
a	O
problem	O

@	O
Jonny	O
_	O
Wags	O
@	O
Hey	O
_	O
Jeffrey	O
Realtalk	O
:	O
until	O
I	O
started	O
taking	O
Wellbutrin	O
,	O
Effexor	O
robbed	O
me	O
of	O
the	O
ability	B
to	I
cum	I

@	O
DrOz	O
i	O
take	O
Trazodone	O
for	O
my	O
#	O
insomina	B
&	O
still	O
have	O
a	O
hard	O
time	O
falling	O
asleep	O
or	O
I	O
end	O
up	O
having	O
crazy	B
dreams	I
that	O
wake	O
me	O
up	O
!	O
?	O
!	O
#	O
OzSleep	O

whoa	O
quetiapine	O
stop	O
making	O
me	O
feel	O
drowsy	B
yo	O

@	O
jkimberlinn	O
Im	O
on	O
cypro	O
.	O
Actually	O
in	O
dying	B
on	O
cypro	O

Had	O
a	O
dream	B
my	O
eyes	O
got	O
burned	O
out	O
of	O
my	O
head	O
.	O
Thank	O
you	O
trazodone	O

I	O
actually	O
really	O
like	O
this	O
Vyvanse	O

I	O
need	O
to	O
progress	O
onto	O
oxazepam	O
.	O
Apparently	O
it's	O
more	O
sedating	O
.	O
Seroquel	O
is	O
sedating	O
,	O
but	O
you	O
can	O
hardly	B
open	I
or	I
close	I
your	I
mouth	I
.	O

Go	O
see	O
specialist	O
nurse	O
about	O
starting	O
humira	O
in	O
a	O
week	O
!	O
Scared	O
but	O
excited	O
!	O
#	O
crohns	B
#	O
cdsn	O

@	O
shakeymike	O
is	O
feeling	O
under	O
the	O
weather	O
.	O
I	O
had	O
to	O
put	O
out	O
the	O
trash	O
.	O
It's	O
weird	O
,	O
I	O
liked	O
it	O
.	O
I	O
even	O
gave	O
Max	O
his	O
prozac	O
myself	O
.	O
#	O
imaboss	O

Wanna	O
go	O
back	B
to	I
sleep	I
,	O
but	O
this	O
vyvanse	O
ain't	O
letting	O
me	O

Not	O
that	O
anyone	O
noticed	O
,	O
but	O
my	O
#	O
ambienwithdrawl	O
only	O
lasted	O
a	O
few	O
days	O
.	O
Why	O
?	O
Because	O
I	O
got	O
another	O
scrip	O
.	O
I	O
need	O
it	O
while	O
I'm	O
on	O
Levaquin	O
.	O

Depression	O
hurts	O
,	O
Cymbalta	O
can	O
help	O
.	O

@	O
IceDweller	O
I	O
loved	O
Fluoxetine	O
(	O
prozac	O
)	O
but	O
it	O
made	O
me	O
lose	B
my	I
temper	I
of	O
the	O
slightest	O
thing	O
but	O
that	O
was	O
the	O
only	O
downside	O
.	O

This	O
higher	O
dose	O
of	O
#	O
cymbalta	O
is	O
making	O
me	O
extremely	O
tired	B
and	O
anxious	B
.	O
Is	O
this	O
normal	O
?	O

Have	O
any	O
of	O
you	O
developed	O
knee	B
pain	I
since	O
starting	O
Tysabri	O
?	O
What	O
helps	O
with	O
the	O
problem	O
?	O

Whenever	O
i	O
see	O
the	O
Humira	O
commercial	O
I	O
feel	O
special	O
#	O
thankGodforhumira	O
#	O
crohnsdisease	B

One	O
more	O
day	O
of	O
work	O
bitches	O
:	O
D	O
and	O
to	O
make	O
it	O
better	O
I	O
have	O
vyvanse	O
so	O
I	O
can	O
keep	O
my	O
productivity	O
at	O
110	O
#	O
fuckyeah	O
#	O
breakingthings	O

@	O
TheBloggess	O
your	O
lucky	O
!	O
I	O
have	O
to	O
do	O
infusions	O
of	O
remicade	O
for	O
my	O
RA	B
.	O
I	O
would	O
happily	O
do	O
humera	O
or	O
enbrel	O
if	O
it	O
didnt	O
make	O
me	O
stop	B
breathin	I

I	O
hate	O
forgetting	O
to	O
take	O
my	O
cymbalta	O
.	O
It	O
makes	O
you	O
feel	B
sooooooo	I
weird	I
.	O

BRIEF	O
-	O
Bayer	O
says	O
new	O
data	O
affirm	O
effectiveness	O
of	O
Xarelto	O
as	O
therapy	O
for	O
DVT	O

@	O
JessBarrett227	O
Taking	O
someone	O
off	O
150mg	O
off	O
Seroquel	O
,	O
mixing	O
it	O
with	O
Olanzapine	O
in	O
2	O
wks	O
causes	O
psychosis	B
-	O
a	O
proper	O
assess	O
was	O
not	O
done	O
.	O

Ciprofloxacin	O
and	O
levofloxacin	O
use	O
most	O
extensively	O
in	O
children	O
B	O
/	O
C	O
on	O
basis	O
of	O
past	O
experience	O
,	O
these	O
drugs	O
appear	O
to	O
be	O
well	O
tolerated	O
.	O

Humira	O
is	O
kicking	O
in	O
again	O
which	O
is	O
nice	O
but	O
that	O
also	O
means	O
I'm	O
moving	O
towards	O
my	O
next	O
injection	O
.	O
.	O
.	O
AS	O
the	O
joy	O
of	O
joys	O
,	O
still	O
smiling	O
.	O

Outcomes	O
of	O
Medical	O
Emergencies	O
on	O
Commercial	O
Airline	O
Flights	O
—	O
NEJM	O
-	O
Snuff	O
or	O
oral	O
tobacco	O
products	O
can	O
substitute	O
in	O
nicotine	O
withdrawal	O
.	O

@	O
anwen	O
@	O
Ellwynnnnn	O
Venlafaxine	O
withdrawal	B
is	O
worse	O
than	O
most	O
by	O
miles	O
x	O

I	O
shouldn't	O
tweet	O
on	O
vyvanse	O
it's	O
going	O
to	O
be	O
extremely	O
negative	B
lol	O

Headed	O
to	O
work	O
,	O
got	O
a	O
solid	O
3	O
hours	O
of	O
sleep	O
last	O
night	O
and	O
forgot	O
to	O
take	O
my	O
vyvanse	O
.	O
.	O
#	O
thisshouldbefun	O

#	O
ConsumerAlert	O
:	O
Have	O
you	O
or	O
a	O
loved	O
one	O
taken	O
#	O
GranuFlo	O
,	O
#	O
Pradaxa	O
or	O
#	O
Actos	O
and	O
suffered	O
from	O
adverse	O
effects	O
?	O
If	O
so	O
,	O
seek	O
an	O
opinion	O
ASAP	O
.	O

I	O
might	O
have	O
gained	B
30	I
lbs	I
in	O
6	O
weeks	O
on	O
Zyprexa	O
.	O
.	O
.	O
Haven't	O
lost	O
that	O
weight	O
yet	O
,	O
and	O
it's	O
been	O
12	O
years	O
now	O
.	O
Call	O
doc	O
if	O
it	O
happens	O
to	O
you	O
.	O

@	O
tete	O
_	O
floue	O
I	O
think	O
the	O
mirtazapine	B
is	O
slowly	O
lifting	O
my	O
mood	B
dips	I
and	O
hopefully	O
venlafaxine	O
will	O
lesson	O
the	O
anxiety	B
.	O
time	O
will	O
tell	O
x	O

out	O
of	O
pills	O
,	O
feeling	B
like	I
a	I
train	I
wreck	I
#	O
tweaking	B
#	O
effexor	O

@	O
Rowlegendary	O
r	O
u	O
on	O
any	O
meds	O
?	O
my	O
dreams	B
on	O
seroquel	O
are	O
fucked	O
up	O

Levaquin	O
sucks	O
.	O
Blinding	O
headaches	B
.	O
Vomiting	B
.	O
Diarrhea	B
.	O
Time	O
for	O
my	O
next	O
dose	O
.	O
Happy	O
weekend	O
.	O
#	O
tmi	O
#	O
FML	O

@	O
kevinmd	O
Even	O
w	O
the	O
best	O
care	O
a	O
patient	O
can	O
die	O
from	O
Avandia	O
,	O
Vioxx	O
,	O
get	O
kidney	O
failure	O
from	O
Cipro	O
or	O
commit	O
suicide	O
on	O
new	O
antidepressants	O

RT	O
@	O
UberFacts	O
:	O
Bananas	O
contain	O
a	O
natural	O
chemical	O
that	O
can	O
make	O
a	O
person	O
happy	O
-	O
The	O
same	O
chemical	O
found	O
in	O
Prozac	O
.	O

@	O
theotherrift	O
it	O
sort	O
of	O
can	O
.	O
:	O
(	O
You	O
treat	O
RLS	O
w	O
dopamine	O
agonists	O
.	O
Olanzapine	O
is	O
a	O
dopamine	O
antagonist	O
.	O

“	O
@	O
janokie	O
_	O
:	O
depression	O
hurts	O
,	O
cymbalta	O
can	O
help	O
.	O
.	O
.	O
”thanks	O
janelle	O

my	O
life	O
can	O
be	O
divided	O
into	O
pre	O
-	O
seroquel	O
and	O
post	O
-	O
seroquel	O
epochs	O

Songs	O
open	O
with	O
shout	O
outs	O
to	O
Paxil	O
in	O
between	O
choked	O
sobs	O
.	O
Thirty	O
full	O
minutes	O
of	O
silence	O
where	O
no	O
one	O
could	O
muster	O
the	O
effort	O
to	O
talk	O
.	O

Love	O
seeing	O
/	O
hearing	O
a	O
fellow	O
latino	O
pronouncing	O
Guzman	O
properly	O
.	O
.	O
.	O
but	O
Some1	O
get	O
@	O
jorgeandresESPN	O
a	O
throat	O
lozenge	O
:	O
)	O

Got	O
my	O
shit	O
taken	O
from	O
me	O
because	O
I	O
burned	O
myself	O
with	O
salt	O
and	O
ice	O
20	O
times	O
on	O
my	O
leg	O
.	O
Out	O
for	O
the	O
day	O
!	O
Hair	O
appt	O
at	O
11	O
.	O
On	O
latuda	O
now	O
.	O

Only	O
the	O
ACT	O
can	O
make	O
a	O
vyvanse	O
feel	O
like	O
it	O
has	O
stop	O
working	O
after	O
the	O
2nd	O
section	O
#	O
brainsdead	O

@	O
mavisMacCruet	O
Mavis	O
,	O
may	O
I	O
recommend	O
60mg	O
of	O
fluoxetine	O
daily	O
to	O
help	O
with	O
your	O
obsessive	O
compulsive	O
disorder	O
?	O
?	O
#	O
McCann	O

@	O
deltrimental	O
Stopping	O
Effexor	O
is	O
probably	O
good	O
but	O
not	O
suddenly	O
!	O
xxx	O

Guess	O
what	O
?	O
Still	O
feeling	B
weird	I
.	O
Fuck	O
you	O
Quetiapine	O
.	O
Fuck	O
you	O
.	O

#	O
BDS	O
&	O
parents	O
MUST	O
IMMEDIATELY	O
BOYCOTT	O
&	O
stop	O
use	O
of	O
#	O
ISRAEL	O
COPAXONE®	O
REBIF®	O
Exelon®	O
DOXIL®	O
Azilect®	O
GONAL	O
®etanercept	O
-	O
aid	O
occupation	O

@	O
AerobicsFirst	O
ok	O
.	O
.	O
.	O
.	O
.	O
no	O
problem	O
.	O
I	O
did	O
think	O
running	O
shoes	O
and	O
snorting	O
prozac	O
were	O
at	O
the	O
opposite	O
end	O
of	O
the	O
relationship	O
spectrum	O
.	O

@	O
Katie	O
_	O
Woodman	O
fingers	O
crossed	O
I	O
have	O
been	O
taken	O
off	O
tysabri	O
because	O
my	O
body	O
is	O
resisting	B
it	I
ha	O
typical	O
hope	O
you	O
are	O
doing	O
ok	O
:	O
)	O

i	O
have	O
been	O
on	O
lorazepam	O
/	O
diazepam	O
/	O
quetiapine	O
for	O
the	O
past	O
few	O
nights	O
and	O
i've	O
noticed	O
i	O
am	O
slightly	O
drooling	B
a	O
bit	O
.	O
lovely	O
.	O

@	O
raCanuck	O
I	O
had	O
a	O
weird	O
rash	B
w	O
/	O
Enbrel	O
.	O
But	O
it	O
was	O
all	O
over	O
my	O
abdomen	O
&	O
chest	O
.	O
Rash	B
in	O
elbow	O
cld	O
b	O
psoriasis	O
?	O
Can	O
u	O
take	O
a	O
pic	O
?	O

@	O
TheMartinNewman	O
to	I
be	O
honest	O
I've	O
had	O
worse	O
.	O
On	O
fluoxetine	O
I	O
was	O
convinced	O
there	O
was	O
a	O
plot	B
to	I
steal	I
my	I
thoughts	I
.	O
.	O
.	O
!	O

All	O
the	O
medications	O
advertised	O
during	O
news	O
shows	O
sound	O
like	O
they	O
could	O
be	O
the	O
stage	O
names	O
of	O
alien	O
strippers	O
#	O
xarelto	O

Watched	O
Silver	O
Linings	O
Playbook	O
tonight	O
.	O
Terrific	O
movie	O
,	O
except	O
nobody	O
says	O
Trazodone	O
like	O
that	O
.	O

@	O
UberFacts	O
:	O
Bananas	O
contain	O
a	O
natural	O
chemical	O
that	O
can	O
make	O
a	O
person	O
happy	O
-	O
The	O
same	O
chemical	O
found	O
in	O
Prozac	O
.	O
Get	O
me	O
some	O
bananas	O
!	O
!	O
Lol	O

So	O
apparently	O
60mgs	O
of	O
Prozac	O
will	O
make	O
you	O
scared	B
of	O
eating	O
GMO's	O
and	O
make	O
you	O
think	O
you	O
need	B
to	I
save	I
the	I
world	I
!	O
Switching	O
back	O
to	I
40mgs	O
!	O
!	O
!	O

Brisdelle	O
dangerous	O
.	O
Paxil	O
is	O
supposed	O
to	O
treat	O
depression	B
and	O
suicidal	B
thoughts	I
.	O
I	O
took	O
Paxil	O
and	O
got	O
depressed	B
.	O
Went	O
off	O
&	O
OK	O
in	O
2	O
wk	O
.	O

Depression	O
hurts	O
.	O
Cymbalta	O
can	O
help	O

Osteonecrosis	O
of	O
Jaw	O
with	O
Denosumab	O
:	O
3cases	O
in	O
yr1	O
-	O
3	O
vs	O
5cases	O
in	O
yr4	O
-	O
7	O
#	O
EULAR2013	O
#	O
osteoporosis	O

Singing	O
Venlafaxine	O
to	O
the	O
tune	O
of	O
Joe	O
le	O
Taxi	O
.	O

Humira	O
got	O
a	O
real	O
nigga	O
tired	B

Between	O
the	O
fucking	O
redbull	O
and	O
vyvanse	O
I	O
popped	O
to	O
energize	O
my	O
triple	O
yesterday	O
.	O
.	O
.	O
couldn't	B
fall	I
asleep	I
for	O
the	O
life	O
of	O
me	O
.	O

Zoloft	O
was	O
just	O
as	O
bad	O
as	O
Effexor	O
.	O
It	O
made	O
me	O
more	O
depressed	B
and	O
more	O
suicidal	B
.	O
I	O
don't	O
want	O
it	O
.	O

I	O
think	O
my	O
tablets	O
have	O
made	O
me	O
gain	B
weight	I
.	O
Anyone	O
on	O
fluoxetine	O
/	O
prozac	O
?	O
#	O
replytweet	O

This	O
makes	O
so	O
much	O
sense	O
.	O
RT	O
@	O
UberFacts	O
:	O
Bananas	O
contain	O
a	O
natural	O
chemical	O
that	O
can	O
make	O
a	O
person	O
happy	O
-	O
The	O
same	O
chemical	O
found	O
in	O
Prozac	O

Adderall	O
puts	O
me	I
in	O
a	O
good	O
mood	O
,	O
Vyvanse	O
makes	B
me	I
an	I
asshole	I
.	O

seroquel	O
is	O
causing	O
more	O
gaps	B
in	I
memory	I
,	O
I	O
don't	O
remember	O
going	O
to	O
therapy	O
and	O
as	O
usual	O
no	O
one	O
has	O
stepped	O
up	O
to	O
claim	O
thos	O
memories	O
>	O
>	O

Oh	O
Vyvanse	O
how	O
I	O
missed	O
you	O
and	O
your	O
productivity	O
.	O
.	O
.	O
.	O
.	O
.	O
#	O
dontjudgeme	O

@	O
neph0079	O
@	O
PositiveAboutMS	O
I	O
take	O
baclofen	O
can't	B
sleep	I
!	O
want	O
to	O
sleep	I
!	O
help	O
!	O

Ritalin	O
seems	O
to	O
be	O
working	O
fairly	O
decent	O
for	O
me	O
.	O
Saphris	O
however	O
seems	O
too	O
strong	O
&	O
tastes	O
bad	O
.	O
#	O
new	O
meds	O

Anybody	O
have	O
a	O
throat	O
lozenge	O
that	O
they	O
can	O
email	O
me	O
real	O
quick	O
?	O

@	O
whippie3675	O
Quetiapine	O
has	O
been	O
good	O
for	O
my	O
symptoms	O
-	O
although	O
it	O
has	O
a	O
lot	O
of	O
side	O
effects	O
.	O
I'm	O
on	O
600mg	O
and	O
sticking	O
with	O
it	O
!	O
xx	O

Virginia	O
Valentine	O
loves	O
GLP	O
-	O
1	O
!	O
#	O
Invokana	O
SGLT	O
-	O
2	O
inhibitor	O
good	O
A1c	O
reduction	O
,	O
weight	O
loss	O
,	O
yeast	O
infections	O
not	O
a	O
concern	O
#	O
dTTCOYD	O

Out	O
of	O
the	O
house	O
by	O
8	O
am	O
on	O
a	O
non	O
-	O
work	O
day	O
.	O
#	O
antidepressants	B
#	O
testify	O
#	O
pristiq	O

No	O
pain	B
is	O
worse	O
than	O
Humira	O
.	O
Not	O
even	O
arthritis	B
.	O
Lmfao	O
.	O

Pradaxa	O
is	O
a	O
blood	O
thinning	O
medication	O
used	O
to	O
reduce	O
the	O
risk	O
of	O
stroke	O
in	O
patients	O
with	O
(	O
AF	O
)	O
,	O
commonly	O
known	O
as	O
irregular	O
heartbeat	O
.	O

Xarelto	O
,	O
Eliquis	O
and	O
Pradaxa	O
are	O
all	O
great	O
drugs	O
EXCEPT	O
they	O
don't	O
have	O
antidotes	O
.	O
.	O
.	O
and	O
that's	O
my	O
only	O
reason	O
to	O
prefer	O
Coumadin	O

Vyvanse	O
,	O
commonly	O
known	O
as	O
OCD	B
in	O
a	O
pill	O
.	O

Rivaroxaban	O
diary	O
day	O
22	O
.	O
Will	O
take	O
furesomide	O
now	O
.	O
And	O
Paracetamol	O
.	O
Will	O
suggest	O
to	O
medics	O
that	O
I	O
go	O
back	O
to	O
drugs	O
I	O
know	O
work	O
ok	O
together	O

God	O
humira	O
shots	O
blow	O
so	O
bad	O
.	O
.	O
.	O
#	O
painful	B
#	O
crohnssucks	O

@	O
jessovenden	O
No	O
more	O
SSRI’s	O
for	O
me	O
.	O
They	O
kept	O
giving	O
me	O
manic	B
reactions	I
,	O
usually	O
angry	B
.	O
The	O
Seroquel	O
has	O
me	O
feeling	O
too	O
tired	B
.	O
It’s	O
brutal	O

@	O
UberFacts	O
:	O
Bananas	O
contain	O
a	O
natural	O
chemical	O
that	O
can	O
make	O
a	O
person	O
happy	O
-	O
The	O
same	O
chemical	O
foundin	O
Prozac	O
@	O
tidahrox	O
seewhatyourmissing	O

RT	O
@	O
WalterBrianna1	O
Scrapbooking	O
:	O
finite	O
lozenge	O
introductory	O
study	O

i	O
had	O
the	O
two	O
humira	O
shots	O
today	O
and	O
the	O
needle	O
didnt	O
hurt	O
at	O
all	O
but	O
the	O
mEDICINE	O
INSIDE	O
BURNED	B
LIKE	O
LAVA	O

Geez	O
this	O
vyvanse	O
makes	O
me	O
talk	B
a	I
mile	I
a	I
minute	I
haha	O

@	O
HurtBlogger	O
good	O
luck	O
!	O
Have	O
you	O
tried	O
it	O
before	O
?	O
Does	O
it	O
work	O
4	O
u	O
?	O
I	O
just	O
had	O
2nd	O
dose	O
of	O
Humira	O
,	O
and	O
hurting	B
so	O
bad	O
I	O
can't	O
stand	O
it	O
:	O
-	O
(	O

I	O
need	O
a	O
vyvanse	O
or	O
addy	O
for	O
work	O
tomorrow	O

Nicotine	O
withdrawals	B
#	O
2DaysDown	O
#	O
ForeverToGo	O
#	O
headache	B
#	O
irritable	B
#	O
toomanyhashtags	O
#	O
makeitstop	O

Fucking	O
Effexor	O
withdrawals	B
.	O
I	O
would	O
shake	O
my	O
fist	O
but	O
I	O
don't	B
have	I
the	I
energy	I
.	O

@	O
AsherBo	O
dude	O
.	O
Give	O
her	O
some	O
cymbalta	O
or	O
something	O
.	O
Pipe	O
down	O
there	O
hot	O
shot	O
.	O

@	O
Chavielle	O
i	O
has	O
beta	O
blockers	O
now	O
,	O
apparently	O
the	O
fluoxetine	O
can	O
cause	O
panic	B
attacks	I
^	O
_	O
^	O

@	O
NireBryce	O
Thanks	O
.	O
There	O
is	O
a	O
nonzero	O
chance	O
that	O
the	O
discomfort	B
I	O
am	O
feeling	O
was	O
caused	O
by	O
going	O
back	O
on	O
Cymbalta	O
,	O
possibly	O
too	O
quickly	O
.	O

Since	O
quetiapine's	O
messed	O
with	O
my	O
prolactin	B
levels	O
,	O
making	O
my	O
boobs	B
humungous	I
&	O
my	O
bras	O
so	O
expensive	O
,	O
I	O
want	O
a	O
lingerie	O
component	O
to	O
DLA	O
.	O

@	O
Joanne	O
_	O
_	O
Howe	O
I'm	O
good	O
been	O
on	O
25mg	O
MTX	O
for	O
years	O
then	O
switched	O
to	O
leflunomide	B
back	O
MTX	O
the	O
other	O
caused	O
tummy	B
trouble	I
.	O
Why	O
r	O
u	O
off	O
Enbrel	O

This	O
Xarelto	O
commercial	O
just	O
implied	O
that	O
warfarin	O
keeps	O
you	O
from	O
eating	O
healthy	O
foods	O
.	O

@	O
helloimmarta	O
@	O
mary	O
_	O
ey	O
@	O
prozac	O
idk	O
.	O
.	O
.	O
are	O
you	O
thinking	O
about	O
some	O
dates	O
in	O
particular	O
?	O

Shoutout	O
to	O
vyvanse	O
just	O
cause	O
#	O
40MG	O

@	O
foggymelon	O
@	O
movmctov	O
@	O
The	O
_	O
Scottymomma	O
when	O
I	O
did	O
Humira	O
for	O
my	O
Crohn's	B
it	O
felt	B
like	I
acid	I
,	O
hubby	O
had	O
to	O
shoot	O
me	O
up	O
.	O
Made	O
my	O
lupus	B
flare	I
too	O

@	O
nicoledvm	O
Was	O
doing	O
ofloxacin	O
q3	O
hours	O
first	O
day	O
now	O
q6	O
hrs…	O
has	O
responded	O
.	O

@	O
ABittersweet1	O
Cipro	O
destroyed	B
my	I
entire	I
body	I
,	O
from	O
head	O
to	O
toe	O
.	O
Bedridden	B
since	O
2009	O
.	O
Be	O
VERY	O
careful	O
.	O

Throat	B
numbing	O
lozenge	O
for	O
the	O
win	O

Restless	B
Leg	I
Syndrome	I
is	O
bad	O
tonight	O
.	O
Damn	O
you	O
fluoxetine	O
.	O

@	O
BLEDNOS	O
Lamictal	O
and	O
trileptal	O
and	O
seroquel	O
.	O
.	O
.	O
of	O
course	O
the	O
seroquel	O
I	O
take	O
in	O
severe	O
situations	O
because	O
gaining	B
weight	I
is	O
never	O
cool	O

02	O
.	O
50	O
day	O
15	O
Rivaroxaban	O
diary	O
.	O
Neck	B
ache	I
and	O
lower	O
back	B
pain	I
.	O
Had	O
to	O
kneel	O
on	O
floor	O
to	O
get	O
out	O
of	O
bed	O
.	O

Fucking	O
Vyvanse	O
,	O
giving	O
me	O
cotton	B
mouth	I
.	O
UGH	O
.	O

@	O
opium	O
_	O
district	O
I've	O
been	O
having	O
them	O
today	O
too	O
,	O
three	O
days	O
without	O
effexor	O
.	O
I	O
completely	O
understand	O
what	O
you	O
mean	O
.	O
every	O
hit	O
,	O
lightheaded	B
.	O
.	O

one	O
of	O
the	O
things	O
i	O
hate	O
most	O
about	O
quetiapine	O
is	O
when	O
i	O
take	O
it	O
for	O
the	O
first	O
few	O
hours	O
i	O
slur	B
my	O
words	O
,	O
so	O
people	O
assume	O
i'm	O
merely	O
drunk	O
.	O

@	O
CCFA	O
pooped	B
out	I
bc	O
i	O
did	O
humira	O
last	O
night	O
:	O
)	O

@	O
JameeTMiller	O
I	O
didn't	O
have	O
side	O
effects	O
when	O
I	O
started	O
taking	O
Cymbalta	O
.	O
After	O
about	O
6	O
mths	O
had	O
to	O
stop	O
because	O
it	O
raised	B
my	I
blood	I
pressure	I
.	O

Why	O
do	O
I	O
always	O
get	O
the	O
seroquel	O
munchies	B
!	O
?	O

Tysabri	O
infusion	O
#	O
54	O
yesterday	O
.	O
Made	O
me	O
feel	O
tired	B
and	O
out	B
of	I
it	I
for	O
a	O
while	O
.	O
Maybe	O
it's	O
the	O
heat	O
-	O
34C	O
(	O
94F	O
)	O
!	O
!	O
!	O
Maybe	O
a	O
VERY	O
HOT	O
summer	O
?	O

@	O
lanes0220	O
Guess	O
I	O
don't	O
know	O
her	O
table	O
of	O
brands	O
.	O
.	O
.	O
Ham	O
,	O
cream	O
cheese	O
,	O
Victoza	O
,	O
Caesar's	O
,	O
Food	O
Network	O
.	O
Which	O
ones	O
are	O
sticking	O
?	O

Effexor	O
withdrawal	B
.	O

(	O
pd	O
.	O
Sertraline	O
vs	O
Fluoxetine	O
,	O
make	O
your	O
bet	O
)	O

Day	O
five	O
of	O
no	O
effexor	O
.	O
I	O
am	O
guessing	O
this	O
is	O
what	O
it	O
feels	B
like	I
when	I
you	I
come	I
off	I
heroin	I
.	O
.	O
.	O
#	O
discontinuation	O

Hey	O
guys	O
don't	O
forget	O
to	O
refill	O
your	O
Paxil	O
for	O
like	O
six	O
days	O
because	O
the	O
withdrawal	B
is	O
like	O
heroin	O
.	O
Literally	O
.	O

@	O
elladeruiter	O
oh	O
I	O
hate	O
that	O
!	O
I	O
used	O
to	O
be	O
on	O
citalopram	B
,	O
it	O
stopped	B
working	I
eventually	O
.	O
sometimes	O
I	O
have	O
to	O
up	O
my	O
effexor	O
dose	O
temporarily	O
.	O

Ok	O
I've	O
got	O
a	O
med	O
?	O
Anyone	O
ever	O
tried	O
cymbalta	O
?	O
?	O
My	O
doc	O
put	O
me	O
on	O
it	O
but	O
I	O
slept	B
10	I
hrs	I
straight	O
!	O
!	O

@	O
hello	O
_	O
nacho	O
@	O
tobiasampersand	O
Lexapro	B
gave	O
me	O
the	O
worst	O
mixed	B
episodes	I
.	O
I	O
have	O
some	O
instability	B
with	O
Pristiq	O
but	O
I	O
can	O
manage	O
it	O
ok	O
.	O

@	O
DevonHunterXXX	O
*	O
Gives	O
@	O
kjq515	O
OLAnzapine	O
*	O
Let	O
QUEEN	O
Ola's	O
powers	O
of	O
healing	O
into	O
your	O
heart	O
!	O

This	O
cipro	O
is	O
totally	O
killing	B
my	I
tummy	I
.	O
.	O
hiks	O
.	O
.	O

@	O
zmiller1902	O
Sometimes	O
my	O
Humira	O
pens	O
make	O
me	O
feel	O
like	O
I'm	O
90	O
years	O
old	O
due	O
to	O
the	O
joint	B
pain	I
everywhere	O
.	O

Drove	O
to	O
hospital	O
for	O
#	O
Tysabri	O
in	O
Blue	O
.	O
Left	O
early	O
(	O
London	O
traffic	O
)	O
,	O
only	O
took	O
20	O
mins	O
!	O
Blue	O
Badge	O
space	O
next	O
to	O
entrance	O
.	O
#	O
winning	O
#	O
fuckms	O

@	O
IntervalThinks	O
@	O
newscientist	O
Give	O
them	O
Prozac	O
-	O
not	O
!	O

@	O
notquitereal	O
yeah	O
,	O
I	O
mean	O
,	O
fluoxetine	O
made	O
me	O
feel	B
like	I
shit	I
,	O
and	O
citalopram	O
makes	O
me	O
feel	B
ace	O
,	O
so	O
worth	O
considering	O
if	O
you	O
ever	O
have	O
to	O

@	O
DrJudyStone	O
Dr	O
-	O
read	O
you	O
know	O
side	O
effects	O
of	O
Levaquin	O
,	O
Avelox	O
,	O
and	O
Cipro	O
-	O
True	O
?	O
Can	O
you	O
help	O
people	O
suffering	O
-	O
Drs	O
.	O
tell	O
us	O
in	O
our	O
mindNO	O
WAY	O

JAMA	O
2013	O
Duloxetine	O
:	O
No	O
difference	O
initially	O
but	O
demonstrated	O
with	O
crossover	O
.	O
Decrease	O
was	O
only	O
0	O
.	O
73	O
on	O
a	O
10	O
point	O
pain	O
scale	O
#	O
ASCO	O

Dj	O
Paul	O
Vs	O
Dione	O
–	O
Here	O
Comes	O
the	O
Prozac	O

If	O
you	O
talk	O
bad	O
about	O
Lebron	O
I	O
hope	O
a	O
thug	O
shoots	O
off	O
your	O
great	O
toe	O
and	O
all	O
the	O
Vancomycin	O
and	O
Cipro	O
in	O
the	O
world	O
cant	O
cure	O
the	O
infection	O
.	O

TIP	O
:	O
My	O
5	O
item	O
health	O
kit	O
for	O
distant	O
lands	O
:	O
Cipro	O
(	O
gut	O
)	O
,	O
Z	O
Pak	O
(	O
chest	O
)	O
,	O
Pepto	O
(	O
stomach	O
)	O
,	O
Purell	O
(	O
germs	O
)	O
,	O
Advil	O
(	O
hangovers	O
)	O
.	O
#	O
TravelSkills	O

Found	O
out	O
that	O
it	O
could	O
be	O
two	O
months	O
before	O
I	O
sleep	B
well	O
again	O
now	O
that	O
I'm	O
off	O
Seroquel	O
.	O
Srsly	O
,	O
fuck	O
the	O
psychiatrist	O
that	O
put	O
me	O
on	O
it	O
.	O

Definitely	O
not	O
to	O
me	O
RT	O
@	O
UberFacts	O
:	O
Bananas	O
contain	O
a	O
natural	O
chemical	O
that	O
can	O
make	O
a	O
person	O
happy	O
-	O
The	O
same	O
chemical	O
found	O
in	O
Prozac	O
.	O

@	O
NickysAngelBaby	O
Oy	O
.	O
.	O
I'm	O
allergic	B
to	O
Paxil	O
.	O
Makes	O
me	O
physically	O
puke	B
didn't	O
understand	O
why	O
.	O
I	O
see	O
a	O
Psych	O
.	O
I'm	O
on	O
100mg	O
of	O
Zoloft	O
.	O

Only	O
change	O
so	O
far	O
since	O
switching	O
from	O
Lexapro	O
to	O
Cymbalta	O
:	O
now	O
I	I
might	B
notice	I
if	I
I	I
got	I
hit	I
in	I
the	I
crotch	I
w	I
/	O
a	I
lance	I
in	I
a	I
jousting	I
accident	I

Pretty	O
sure	O
the	O
quetiapine	O
was	O
affecting	O
my	O
sense	O
of	O
taste	B

Daily	O
saphris	O
time	O

@	O
UberFacts	O
:	O
Bananas	O
contain	O
a	O
natural	O
chemical	O
that	O
can	O
make	O
a	O
person	O
happy	O
-	O
The	O
same	O
chemical	O
found	O
in	O
Prozac	O
.	O
@	O
CraigyAlford94	O
this	O
too	O
!	O

It's	O
the	O
power	O
of	O
Paxil	O
baby	O

Seriously	O
haven't	B
ate	I
one	O
thing	O
ALL	O
damn	O
day	O
.	O
.	O
#	O
vyvanse	O
#	O
add	B
#	O
damn	O

@	O
kastel	O
na	O
G	O
my	O
5HT	O
levels	O
are	O
good	O
just	O
need	O
a	O
dopamine	O
rush	O
gonna	O
pop	O
me	O
a	O
Bupropion	O
or	O
a	O
Venlafaxine	O
.	O
Want	O
some	O
yeh	O

Results	O
of	O
accidentally	O
taking	O
100	O
mg	O
of	O
vyvanse	O
last	O
night	O
:	O
I	O
took	O
it	O
at	O
11	O
:	O
00am	O
and	O
was	O
wide	B
awake	I
until	O
3	O
:	O
30	O
this	O
morning	O
.	O
.	O

On	O
my	O
last	O
dose	O
of	O
Paxil	O
.	O
.	O
.	O
:	O
\	O

Effexor	O
XR	O
side	O
effects	O
:	O
-	O
sucidal	B
thoughts	I
-	O
insomnia	B
-	O
feeling	B
high	I
&	O
unresponsible	B
.	O
-	O
Dry	B
mouth	I
.	O

@	O
haley	O
_	O
boggess	O
:	O
When	O
depression	O
hits	O
,	O
Cymbalta	O
can't	O
help	O
tell	O
me	O
why	O
this	O
reminds	O
me	O
of	O
our	O
chapstick	O
commercial	O
?	O
Omggg	O
.	O

Not	O
hungry	O
but	O
eating	B
anyway	O
.	O
Thank	O
you	O
Quetiapine	O
you	O
utter	O
cunt	O
.	O

@	O
Jonny	O
_	O
Wags	O
@	O
Hey	O
_	O
Jeffrey	O
Wellbutrin	O
did	O
a	O
pretty	O
good	O
job	O
canceling	O
out	O
the	O
side	O
effects	O
of	O
Effexor	O
back	O
when	O
I	O
was	O
on	O
both	O
.	O

Anyone	O
have	O
any	O
metoprolol	O
?	O
Blood	O
pressure	O
rising	O
.	O
#	O
votewtf	O

Magically	O
my	O
appetite	B
has	O
gone	O
back	O
to	O
normal	O
since	O
going	O
off	O
seroquel	O
!	O
Well	O
,	O
well	O
,	O
well	O
-	O
I	O
was	O
right	O
,	O
the	O
doctor	O
was	O
wrong	O
.	O

@	O
Zymymar	O
stopped	O
Zoloft	B
cold	O
turkey	O
after	O
I	O
became	O
suicidal	B
,	O
stopped	O
Effexor	O
because	O
I	O
was	O
numb	B
.	O

Holy	O
shit	O
balls	O
pristiq	O
withdrawals	B
are	O
very	O
strong	O
!	O

The	O
Fluoroquinolone	O
Syndrome	O
<	O
-	O
Have	O
you	O
experienced	O
side	O
effects	O
from	O
taking	O
Quinolones	O
antibiotics	O
(	O
e	O
.	O
g	O
.	O
Cipro	O
)	O
?	O

@	O
VanessaLovesJK	O
because	O
my	O
dr	O
switched	O
from	O
celexa	O
to	O
paxil	O
and	O
,	O
paxil	O
made	O
me	O
feel	O
sick	B

can't	B
even	I
enjoy	I
this	I
banana	I
right	O
now	O
because	O
of	O
fuckin	O
vyvanse	O
what	O
is	O
life	O

Why	O
must	O
I	O
be	O
so	O
tired	B
.	O
This	O
spell	O
better	O
just	O
be	O
new	O
med	O
beginnings	O
&	O
go	O
away	O
!	O
#	O
tysabri	O

@	O
thebeachynurse	O
.	O
.	O
.	O
had	O
to	O
get	O
an	O
x	O
-	O
ray	O
of	O
my	O
arm	O
per	O
protocol	O
.	O
.	O
.	O
it	O
was	O
negative	O
but	O
it's	O
just	O
now	O
starting	O
to	O
hurt	B
.	O
Ugh	O
!	O
!	O
!	O
!	O
#	O
Geodon	O

Fosamax	O
has	O
been	O
linked	O
to	O
many	O
severe	O
side	O
effects	O
that	O
include	O
femur	O
fractures	O
,	O
esophagus	O
problems	O
,	O
&	O
hardening	O
of	O
the	O
jaw	O
.	O
1	O
.	O
888	O
.	O
520	O
.	O
5202	O

#	O
lamotrigine	O
headaches	B
suck	O
:	O
(	O
i	O
wanna	O
curl	O
up	O
&	O
cry	O
.	O

@	O
notquitereal	O
Oh	O
,	O
really	O
?	O
That's	O
what	O
gave	O
me	O
the	O
terrible	O
reaction	B
.	O
My	O
current	O
doctor	O
told	O
me	O
he'd	O
almost	O
never	O
prescribe	O
fluoxetine	O
.	O

@	O
dsymons	O
@	O
trainingwithra	O
@	O
lisabinkc	O
my	O
husband	O
gives	O
me	O
my	O
humira	O
injections	O
.	O
We	O
use	O
the	O
pens	O
.	O
It	O
hurts	B
too	O
bad	O
to	O
give	O
them	O
to	O
myself	O
.	O

@	O
lindzburk	O
I	O
feel	O
that	O
way	O
after	O
being	O
on	O
Namenda	O
.	O

AZN	O
_	O
$	O
50	O
.	O
19	O
_	O
BMY	O
_	O
$	O
46	O
.	O
05	O
_	O
announced	O
today	O
top	O
-	O
line	O
results	O
of	O
the	O
Phase	O
IV	O
SAVOR	O
-	O
TIMI	O
-	O
53	O
(	O
with	O
Diabetes	O
Mellitus	O
)	O
clinical	O
trial	O
of	O
Onglyza	O
®	O

@	O
cristinafrey	O
distressed	O
is	O
an	O
understatement	O
.	O
They	O
are	O
that	O
distressed	O
they	O
need	O
a	O
shrink	O
and	O
Prozac	O
ASAP	O

I	O
reckon	O
I	O
have	O
drug	O
-	O
induced	O
oedema	B
causing	O
musculo	B
-	O
skeletal	I
pain	I
.	O
Likely	O
drug	O
combination	O
:	O
Rivaroxaban	O
,	O
Losartan	O
,	O
and	O
Simvastatin	O
.	O

@	O
fibrofighter08	O
Venlafaxine	O
gave	O
me	O
horrendous	O
nightmares	B
,	O
&	O
coming	B
of	I
it	I
was	I
horrific	I
.	O
!	O

To	O
my	O
MS	B
friends	O
:	O
who's	O
on	O
tysabri	O
?	O
It's	O
not	O
working	O
&	O
they	O
are	O
sending	O
me	O
to	O
another	O
city	O
/	O
hospital	O
to	O
see	O
another	O
specialist	O
.	O

Rivaroxaban	O
diary	O
day	O
22	O
then	O
add	O
1	O
drug	O
at	O
a	O
time	O
at	O
weekly	O
intervals	O
.	O
Surely	O
easiest	O
way	O
to	O
lower	O
BP	B
is	O
to	O
lose	O
weight	O
.	O

Today's	O
Pristiq	O
withdrawal	B
symptom	O
:	O
my	O
eyeballs	B
make	I
a	I
sound	I
like	O
Star	O
Trek	O
doors	O
when	O
I	O
move	O
them	O
.	O
#	O
WTF	O

@	O
inarticulate	O
I	O
haven't	O
had	O
an	O
orgasm	B
in	O
a	O
long	O
time	O
.	O
.	O
Wtf	O
.	O
.	O
#	O
paxil	O

RT	O
@	O
juniperrberry	O
:	O
Animal	O
pharmaceuticals	O
Doggy	O
Prozac	O
called	O
'reconcile'	O
with	O
a	O
beefy	O
flavor	O
#	O
sfi	O
_	O
live	O

Vyvanse	O
,	O
commonly	O
known	O
as	O
OCD	B
in	O
a	O
pill	O
.	O

Upped	O
my	O
Effexor	O
dosage	O
5	O
days	O
ago	O
.	O
Sleep	B
cycle	I
and	O
quality	B
went	O
to	O
shit	O
4	O
days	O
ago	O
.	O
I	O
sense	O
a	O
correlation	O
here	O
.	O
.	O
.	O

@	O
UberFacts	O
:	O
Bananas	O
contain	O
a	O
natural	O
chemical	O
that	O
can	O
make	O
a	O
person	O
happy	O
-	O
The	O
same	O
chemical	O
found	O
in	O
Prozac	O
.	O
charlie	O
used	O
to	O
tell	O
me	O
!	O
!	O

@	O
ayegraybay	O
I	O
knowwishful	O
thinking	O
.	O
My	O
Humira	O
shot	O
doesn't	B
even	I
work	I
for	I
me	I
anymore	I
and	O
when	O
it	O
does	O
I	O
get	O
so	O
sick	B
.	O

Act	O
now	O
and	O
get	O
our	O
deluxe	O
CYDE	O
-	O
FX	O
set	O
ABSOLUTELY	O
FREE	O
!	O
Experience	O
lucid	B
dreaming	I
and	O
sleep	B
paralysis	I
like	O
never	O
before	O
!	O
#	O
Quetiapine	O

If	O
you	O
or	O
a	O
loved	O
one	O
has	O
experienced	O
adverse	O
side	O
effects	O
from	O
the	O
use	O
of	O
Paxil	O
,	O
you	O
may	O
qualify	O
for	O
compensation	O
.	O
1	O
.	O
888	O
.	O
520	O
.	O
5202	O
.	O

My	O
3	O
favourite	O
things	O
about	O
fluoxetine	O
are	O
:	O
It	O
doesnt	O
work	O
as	O
an	O
antidepressant	B
.	O
Increases	O
suicidal	B
thoughts	I
.	O
It	O
stops	B
you	I
from	I
jizzing	I
.	O

@	O
bpdprincessx	O
it	O
is	O
but	O
i	O
dont	O
know	O
if	O
its	O
due	O
to	O
the	O
lamotrigine	O
,	O
baby	O
brain	O
,	O
dissociation	O
or	O
just	O
forgetfulness	O
,	O
its	O
concerning	O
.	O
Xx	O

Report	O
:	O
a	O
fixed	O
-	O
dose	O
regimen	O
of	O
dabigatran	O
for	O
ischemic	O
stroke	O
may	O
be	O
ineffective	O
in	O
pts	O
with	O
severe	O
obesity	O
.	O
http	O
:	O
/	O
/	O
nej	O
.	O
md	O
/	O
11MAcpw 	O

Well	O
my	O
effexor	O
kinda	O
did	O
its	O
job	O
to	O
keep	O
my	O
anxiety	B
under	O
control	O
.	O
.	O
.	O
.	O
but	O
now	O
to	O
get	O
my	O
heart	B
rate	I
down	O
.	O
.	O
.	O
.	O
.	O
ugh	O

Every	O
since	O
I	O
stopped	O
taking	O
that	O
Paxil	O
I	O
haven't	O
been	O
so	O
damn	O
emotional	B
.	O
.	O
.	O
.	O
.	O
I	O
think	O
!	O

@	O
SonnieDetore	O
I	O
cannot	B
be	I
in	I
the	I
sun	I
!	O
#	O
levaquin	O

Did	O
one	O
shot	O
of	O
Enbrel	O
,	O
but	O
chose	O
the	O
infusion	O
rather	O
than	O
self	O
injection	O
.	O
Don't	O
know	O
what	O
he	O
has	O
in	O
mind	O
.	O
Hoping	O
for	O
success	O
.	O
#	O
rheum	B

Lamictal	O
Methedrine	O
-	O
Watchfulness	O
:	O
.	O
ibE	O

Medication	O
side	O
-	O
affects	O
have	O
hit	O
me	O
hard	O
today	O
:	O
I	O
keep	O
on	O
randomly	O
jolting	B
or	O
rocking	B
,	O
it	O
is	O
so	O
bad	O
I	O
am	O
finding	O
it	O
hard	O
to	O
type	O
!	O
#	O
Seroquel	O

@	O
ThePlushGourmet	O
what	O
about	O
cymbalta	O
for	O
nerve	O
pain	O
?	O
Would	O
it	O
be	O
an	O
option	O
?	O

If	O
this	O
fuckin	O
EMT	O
looks	O
at	O
me	O
one	O
more	O
time	O
hes	O
gonna	O
feel	O
the	O
wrath	O
of	O
my	O
vyvanse	O
rage	B

me	O
:	O
feeling	O
fine	O
,	O
watching	O
tv	O
.	O
.	O
.	O
swiffer	O
commercial	O
#	O
lamotrigine	O
:	O
Lol	O
lets	O
make	O
the	O
bitch	O
cry	B
at	O
this	O
.	O
.	O
.	O
a	O
fucking	O
swiffer	O
commercial	O
.	O

@	O
pseudodeviant	O
i	O
clock	O
in	O
at	O
16	O
stone	I
(	O
added	B
1	I
stone	I
since	O
quetiapine	O
)	O
and	O
according	O
to	O
that	O
BMI	O
thing	O
I'm	O
obese	O
,	O
which	O
I'm	O
clearly	O
not	O
.	O

“	O
@	O
_	O
StareAndGrin17	O
:	O
@	O
pinoymommy	O
@	O
wawam	O
oh	O
my	O
.	O
G	O
you	O
silly	O
ones	O
!	O
”	O
-	O
its	O
the	O
prozac	O
&	O
zoloft	O
thats	O
making	O
us	O
tweet	O
these	O
.	O

21	O
.	O
36	O
day	O
9	O
Rivaroxaban	O
diary	O
.	O
Particularly	O
bad	O
lower	O
back	B
ache	I
had	O
not	O
eased	O
by	O
14	O
.	O
00	O
so	O
went	O
to	O
bed	O
.	O
Much	O
better	O
when	O
I	O
woke	O
at	O
19	O
.	O
00	O
.	O

Damn	O
I	O
time	O
vyvanse	O
like	O
a	O
pro	O
:	O
)	O
gonna	O
be	O
another	O
good	O
shift	O

@	O
itwasntbay	O
yeah	O
when	O
I	O
take	O
vyvanse	O
any	O
food	B
just	I
looks	I
/	O
sounds	I
/	O
tastes	I
fucking	I
disgusting	I

Toughest	O
decision	O
of	O
the	O
night	O
:	O
which	O
throat	O
lozenge	O
to	O
take	O
that	O
will	O
best	O
compliment	O
my	O
Colgate	O
toothpaste	O
?	O
!	O
!	O

@	O
Sectioned	O
_	O
@	O
bipolarlife7	O
@	O
BBCWomansHour	O
ah	O
yes	O
,	O
I'm	O
starting	O
to	O
think	O
my	O
paroxetine	O
turns	O
panic	B
attacks	I
into	O
fat	B
.	O

Friends	O
in	O
d	O
medical	O
profession	O
,	O
I	O
just	O
wanted	O
2	O
b	O
absolutely	O
certain	O
.	O
If	O
you	O
guys	O
can	O
help	O
me	O
out	O
,	O
Ciprofloxacin	O
is	O
an	O
antibiotic	O
for	O
UTI	O
ryt	O
?	O

I	O
need	O
to	O
stop	O
the	O
vyvanse	O
that	O
shit	O
can	O
fuck	B
with	I
your	I
head	I

@	O
CaroleWhelan	O
I	O
find	O
the	O
baclofen	O
worse	O
,	O
it	O
has	O
left	O
me	O
in	O
a	O
tired	B
/	O
sleepy	B
fog	B
all	O
day	O
-	O
the	O
codeine	O
I	O
can	O
(	O
mostly	O
)	O
deal	O
with	O
.	O

popped	O
a	O
Fluoxetine	O
im	O
sweating	B

@	O
sham2ubitch	O
lisinopril	O
n	O
put	O
me	O
on	O
metoprolol	O
beta	O
-	O
blocker	O
which	O
helps	O
lower	O
my	O
hbp	B
n	O
heart	B
rate	I
N	O
they	O
checked	O
it	O
manually	O
n	O
it	O
was	O
130	O
/	O
90	O

@	O
stavvers	O
Yeah	O
I	O
hear	O
epilim	O
is	O
pretty	O
tough	O
,	O
sorry	O
to	I
hear	O
re	O
bad	O
times	O
with	O
it	O
:	O
(	O
Oddly	O
,	O
dear	O
sweet	O
Lamotrigine	O
tipped	B
me	I
to	I
a	I
dark	I
place	I

Officially	O
addicted	B
to	O
nicotine	O

“	O
@	O
vyvanseswag	O
:	O
I	O
run	O
on	O
Vyvanse	O
and	O
RedBull	O
.	O
”	O
So	O
done	O
with	O
that	O
life	O
.	O
Vyvance	O
cooked	B
my	I
brain	I
like	O
a	O
stove	O
top	O

Burning	O
Down	O
the	O
Nicotine	O
Armoire	O

Okay	O
my	O
vyvanse	O
has	O
completely	O
worn	O
off	O
.	O
Time	O
to	O
put	O
up	O
the	O
books	O
.	O

@	O
Twitterrific	O
@	O
geodon	O
how	O
long	O
until	O
an	O
updated	O
Mac	O
version	O
?	O
I	O
need	O
my	O
muffle	O
!	O

i	O
swear	O
food	O
has	O
nicotine	O
in	O
it	O
,	O
cause	O
im	O
addicted	O
to	O
that	O
shit	O
.	O

I	O
finally	O
got	O
approved	O
for	O
my	O
humira	O
shot	O
this	O
week	O
!	O
!	O
!	O
And	O
I	O
got	O
my	O
electric	O
wheelchair	O
coming	O
by	O
the	O
15th	O
of	O
July	O
!	O
#	O
fightingra	O

@	O
whatkatie	O
_	O
did	O
I'm	O
certainly	O
weird	B
but	O
it's	O
quetiapine	O
instead	O
of	O
crack	O
,	O
I	O
can't	O
get	O
that	O
on	O
prescription	O
.	O

addicted	B
to	O
nicotine	O
badly	O
.	O

Memantine	O
Add	O
-	O
On	O
to	O
Risperidone	O
for	O
Treatment	O
of	O
Negative	O
Symptoms	O
in	O
Patients	O
With	O
Stable	O
Schizophrenia	O
:	O
Randomized	O
,	O
Double	O
-	O
Blind	O
,	O
.	O
.	O
.	O

Effexor	O
Lawsuits	O
Involving	O
Heart	O
Birth	O
Defects	O
Removed	O
to	O
Federal	O
Court	O
#	O
Effexor	O
#	O
News	O
#	O
Antidepressants	O

#	O
CMSC	O
A	O
new	O
test	O
to	O
establish	O
risk	O
of	O
PML	O
in	O
Tysabri	O
reveals	O
about	O
half	O
of	O
JCV	O
infected	O
patients	O
have	O
very	O
low	O
risk	O
of	O
PML	O

A	O
double	O
shot	O
of	O
Africa	O
with	O
a	O
Cipro	O
chaser	O
#	O
stomachparty	O
#	O
ethiopiaspring2013	O

I	O
have	O
been	O
on	O
Seroquel	O
(	O
Quetiapine	O
)	O
for	O
so	O
long	O
I	O
don't	O
even	O
know	O
what	O
the	O
side	O
-	O
effects	O
are	O
!	O
Although	O
,	O
I	O
think	O
overheating	B
is	O
definitely	O
1	O
.	O

Irritation	O
hurts	O
.	O
.	O
.	O
cymbalta	O
can	O
help	O
#	O
Problems	O
@	O
_	O
De	O
_	O
VoN	O
_	O

Damn	O
i	O
need	B
to	I
sleep	I
,	O
fucken	O
vyvanse	O

Would	O
like	O
less	O
vyvanse	O
and	O
more	O
sleep	B
in	O
my	O
life	O

Anyone	O
else	O
have	O
worsening	O
#	O
acne	B
problems	O
since	O
starting	O
#	O
Enbrel	O
for	O
autoimmune	B
disease	I
?	O

I'm	O
on	O
that	O
good	O
vyvanse	O
and	O
alcohol	O

YOU	O
GUYS	O
I	O
WAS	O
SUCKING	O
ON	O
THIS	O
LOZENGE	O
THATS	O
SUPPOSED	O
TO	O
NUMB	O
SORE	B
THROATS	I
AND	O
NOW	O
I	O
CANT	B
FEEL	I
MY	I
MOUTH	I

FUCK	O
HERE	O
COMES	O
THE	O
NICOTINE	O
CRAVINGS	B
DAMN	O
YOU	O
HOOKAH	O

“	O
@	O
TScpCancer	O
:	O
#	O
StarSignFacts	O
:	O
Cancer	O
tends	O
to	O
be	O
extremely	O
moody	O
.	O
”	O
.	O
.	O
.	O
I	O
obviously	O
need	O
some	O
Prozac	O
or	O
better	O
dick	O
in	O
my	O
life	O
.	O
#	O
happiness	O

@	O
dougbremner	O
I	O
wish	O
I'd	O
have	O
found	O
your	O
article	O
sooner	O
!	O
I	O
was	O
crippled	B
by	O
Cipro	O
in	O
Oct	O
of	O
'09	O
.	O
Prescribed	O
for	O
a	O
UTI	B
&	O
it	O
didn't	O
even	O
help	O
.	O

06	O
.	O
07	O
on	O
top	O
of	O
everything	O
else	O
,	O
I'm	O
getting	O
a	O
summer	O
cold	O
,	O
sneezing	O
and	O
blocked	O
but	O
runny	O
nose	O
.	O
Some	O
medications	O
interact	O
with	O
Rivaroxaban	O
.	O

@	O
Kirkby007	O
I	O
had	O
a	O
gene	O
test	O
for	O
Tysabri	O
I	O
guess	O
it	O
can	O
cause	O
a	O
fatal	O
brain	B
disorder	I
.	O
My	O
chances	O
are	O
low	O
.	O
.	O
But	O
that	O
crap	O
is	O
creepy	O
.	O

@	O
marg1nal	O
@	O
lobeline	O
-	O
In	O
my	O
case	O
,	O
thank	O
GOD	O
for	O
Fluoxetine	O
.	O
I'd	O
be	O
dead	O
or	O
in	O
prison	O
without	O
it	O
.	O

NEWS	O
:	O
NICE	O
recommend	O
olanzapine	O
as	O
an	O
effective	O
treatment	O
for	O
Murray	O
mania	O
.	O
#	O
wimbledon2013	O

LIFE	O
ALERT	O
LIFE	O
ALERT	O
I	O
AM	O
BURPING	B
UP	O
FLUOXETINE	O
POWDER	O
I	O
THINK	O
I	O
MIGHT	O
DIE	O

@	O
ReneeLiedig	O
Hi	O
idk	O
who	O
you	O
are	O
but	O
I	O
just	O
wanted	O
to	O
let	O
you	O
know	O
I	O
gained	B
over	I
20	I
lbs	I
on	O
Paxil	O
.	O
Be	O
watchful	O
.	O

@	O
vyvanseswag	O
I	O
was	O
never	O
addicted	O
to	O
coffee	O
until	O
#	O
vyvanse	O
Lolz	O

I'll	O
go	O
untreated	O
for	O
8	O
weeks	O
!	O
That	O
is	O
extremely	O
scary	O
,	O
if	O
I	O
wasn't	O
on	O
Effexor	O
and	O
Ativan	O
I	O
would	O
be	O
having	O
panic	B
attacks	I
.	O
.	O
thank	O
God	O
no	O
pain	O

How	O
is	O
it	O
that	O
Vyvanse	O
gives	O
me	O
dry	B
mouth	I
,	O
but	O
I	O
still	O
produce	O
this	O
much	O
saliva	B
in	O
my	O
sleep	O
?	O

@	O
UberFacts	O
:	O
Bananas	O
contain	O
a	O
natural	O
chemical	O
that	O
can	O
make	O
a	O
person	O
happy	O
-	O
The	O
same	O
chemical	O
found	O
in	O
Prozac	O
.	O

Four	O
Tops	O
-	O
Olanzapine	O
and	O
a	O
good	O
mental	O
health	O
consultant	O
in	O
Acapulco	O
#	O
PopstarDemands	O

Rocephin	O
+	O
Ciprofloxacin	O
=	O
me	O
barely	B
able	I
to	I
stay	I
awake	I

Seroquel	O
.	O
@	O
Gemini	O
_	O
Minx	O
:	O
Why	O
in	O
the	O
hell	O
do	O
people	O
keep	O
crashing	O
their	O
cars	O
into	O
buildings	O
?	O
!	O
Good	O
lord	O
.	O

@	O
scrabalisios	O
I	O
hav	O
to	O
come	O
of	O
the	O
duloxetine	O
immediately	O
as	O
I	O
hav	O
a	O
terrible	O
rash	B
because	O
of	O
it	O
!	O
Had	O
the	O
rash	B
2	O
weeks	O

Lets	O
start	O
with	O
10	O
paracetamol	O
,	O
10	O
diclofenac	O
sodium	O
,	O
10	O
domperidone	O
and	O
10	O
ciprofloxacin	O
.	O
Eat	O
at	O
once	O
then	O
see	O
what	O
will	O
happen	O
?	O

My	O
vyvanse	O
is	O
seriously	O
about	O
to	O
drive	B
me	I
crazy	I

@	O
BipolarBlogger	O
I	O
hate	O
Quetiapine	O
.	O
I	O
was	O
so	O
relieved	O
to	O
come	O
off	O
it	O
and	O
stop	O
feeling	O
like	O
a	O
zombie	B
.	O

Feelin	O
productive	O
.	O
.	O
.	O
.	O
probably	O
because	O
I	O
took	O
a	O
Vyvanse	O
lol	O

@	O
AidenHolder23	O
I	O
am	O
a	O
sun	O
-	O
worshipper	O
-	O
doctor	O
gave	O
me	O
Cipro	O
-	O
big	O
warning	O
about	O
sun	O
exposure	O
-	O
blah	O
,	O
blah	O
,	O
blah	O
.	O
Screw	O
u	O
I	O
did	O
it	O
anyway	O
!	O

@	O
PrinceHerb	O
I	O
had	O
paroxetine	O
for	O
a	O
few	O
weeks	O
once	O
.	O
.	O
.	O
apparently	O
I	O
started	O
behaving	B
oddly	I
so	O
they	O
took	O
me	O
off	O
it	O
and	O
put	O
me	O
on	O
Sertraline	O

@	O
pb	O
_	O
reader	O
Internal	O
is	O
internal	O
*	O
shrugs	O
*	O
(	O
=	O
Now	O
,	O
if	O
it	O
had	O
been	O
a	O
lozenge	O
,	O
that	O
would	O
be	O
different	O
.	O
#	O
JustPlayOneOnTV	O

Trial	O
of	O
biologic	O
.	O
.	O
humira	O
in	O
oa	O
hand	O
.	O
.	O
negative	O
.	O
Not	O
surprising	O
.	O
.	O
.	O
.	O
.	O
.	O
you	O
have	O
to	O
treat	O
the	O
problem	O
Early	O
.	O
.	O
.	O
.	O
before	O
damage	O
.	O

@	O
iamhdt	O
I	O
need	O
some	O
Lysol	O
.	O
Maybe	O
some	O
Cipro	O
.	O

Novartis	O
tests	O
copy	O
of	O
Amgen's	O
Enbrel	O
in	O
late	O
-	O
stage	O
trial	O
:	O
LONDON	O
(	O
Reuters	O
)	O
-	O
Sandoz	O
,	O
the	O
generics	O
unit	O
of	O
Nov	O
.	O
.	O
.	O
http	O
:	O
/	O
/	O
bit	O
.	O
ly	O
/	O
1a6e5Te 	O

@	O
prozac	O
omfg	O
no	O
he	O
is	O
gorgeous	O
i	O
look	O
like	O
a	O
whale	O
hes	O
so	O
cute	O
omg	O

@	O
Pete	O
_	O
_	O
Bull	O
elderly	O
,	O
diabetic	O
on	O
olanzapine	O
=	O
raging	B
bm's	I
,	O
mood	B
swings	I
and	O
weight	B
gain	I
.	O
.	O
.	O
cons	O
may	O
outweigh	O
the	O
pros	O
.	O
.	O

Kinda	O
worried	O
about	O
the	O
nighttime	O
jaw	B
clenching	I
from	O
Effexor	O
,	O
what	O
with	O
my	O
tongue	O
ring	O
and	O
all	O
.	O
.	O
.	O
:	O
L	O

@	O
speeeeedbird	O
Over	O
your	O
knee	O
?	O
Are	O
you	O
sure	O
that's	O
safe	O
w	O
/	O
your	O
osteoporosis	O
&	O
arthritis	O
?	O
Should	O
have	O
taken	O
your	O
once	O
a	O
month	O
Boniva	O
.	O
#	O
Kidding	O

My	O
vyvanse	O
is	O
still	O
on	O
.	O
This	O
is	O
why	O
I	O
don't	O
take	O
it	O
at	O
1pm	O
.	O
Who	O
wants	O
to	O
smoke	O
weed	O
or	O
boges	O
with	O
me	O

@	O
aravain	O
I've	O
heard	O
of	O
all	O
kinds	O
of	O
skin	B
issues	I
on	O
Lamictal	O
!	O
pretty	O
sure	O
mine	O
is	O
psychosomatic	O
though	O
.	O
.	O
.	O

@	O
_	O
chanabeth	O
_	O
@	O
laceyKayBee	O
I	O
didn't	O
stay	O
long	O
.	O
And	O
I	O
took	O
a	O
vyvanse	O
so	O
I	O
can't	B
go	I
back	I
to	I
sleep	I
.	O
Lol	O

alright	O
i	O
have	O
to	O
get	O
stuff	O
done	O
,	O
work	O
with	O
me	O
vyvanse	O

@	O
crohns	O
_	O
twins	O
that	O
sucks	O
.	O
Humira	O
made	O
me	O
so	O
sick	B
.	O
Remicade	B
helped	O
a	O
but	O
,	O
but	O
then	O
seizures	B
put	O
that	O
out	O
.	O
Now	O
waiting	O
,	O
just	O
prednisone	O
now	O
.	O

@	O
ObsidianVormund	O
Was	O
on	O
Seroquel	O
for	O
years	O
in	O
my	O
teens	O
&	O
stopped	O
taking	O
it	O
.	O
A	O
'quack'	O
doc	O
put	O
me	O
back	O
on	O
it	O
&	O
I	O
gained	B
50	I
in	O
3	O
months	O
.	O

@	O
AbdulHabiba	O
hope	O
u	O
are	O
fine	O
now	O
.	O
Just	O
finished	O
taking	O
mine	O
also	O
last	O
month	O
.	O
Cipro	O
tab	O
and	O
d	O
rest	O
.	O
.	O
.	O
So	O
I	O
dnt	O
need	O
them	O
again	O
.	O

@	O
any1mouse	O
jus	O
Gt	O
bck	O
myself	O
,	O
hes	O
puT	O
me	O
on	O
citalopram	B
in	O
addition	O
2	O
the	O
quetiapine	O
!	O
Im	O
a	O
bit	O
worried	O
as	O
citalopram	B
has	O
made	O
me	O
manic	B
before	O

Oral	O
regimens	O
for	O
pyelonephritis	O
:	O
*	O
Ciprofloxacin	O
*	O
Levofloxacin	O
*	O
TMP	O
/	O
SMZ	O
Do	O
NOT	O
NOTuse	O
Nitrofurantoin	O
or	O
fosfomycin	O
for	O
pyelo	O
(	O
only	O
cystitis	O
)	O

New	O
Fycompa®	O
(	O
Perampanel	O
)	O
Data	O
Presented	O
At	O
International	O
Epilepsy	O
Congress	O
(	O
IEC	O
)	O
:	O
New	O
data	O
provides	O
additional…	O

@	O
gkygirlengineer	O
Cymbalta	O
:	O
You're	O
gonna	O
like	O
the	O
way	O
it	O
.	O
.	O
err	O
.	O
.	O
.	O
you	O
look	O
.	O

“	O
@	O
rosenthal	O
_	O
bob	O
:	O
#	O
IBD	B
#	O
crohns	B
Humira	O
night	O
.	O
”	O
Good	O
luck	O
!	O

@	O
SkylerTunes	O
oh	O
man	O
levofloxacin	O
?	O
I've	O
had	O
that	O
same	O
exact	O
pill	O
it	O
hated	O
me	O
though	O
.	O
Hope	O
it	O
does	O
you	O
justice	O
!	O

@	O
AmyEllen	O
_	O
xo	O
fluoxetine	O
is	O
a	O
common	O
one	O
,	O
but	O
I've	O
not	O
tried	O
it	O
.	O
I'm	O
terrified	O
of	O
new	O
medications	O
in	O
case	O
they	O
give	O
me	O
side	O
effects	O

@	O
Butterflywgs	O
.	O
.	O
.	O
my	O
old	O
ones	O
!	O
Plus	O
caffeine	O
in	O
the	O
morning	O
counteracts	O
these	O
quite	O
nicely	O
whereas	O
quetiapine	O
hangovers	B
were	O
unshiftable	O

@	O
BurberryWife	O
sometimes	O
it	O
never	O
ends	O
.	O
So	O
sorry	O
.	O
Topomax	B
is	O
miserable	O
with	O
parasthesia	B
,	O
cognitive	B
problems	I
,	O
kidney	B
stones	I
.	O
Lamictal's	O
good	O

Trajenta®	O
(	O
Linagliptin	O
)	O
:	O
New	O
Data	O
On	O
Safety	O
And	O
Efficacy	O
In	O
Type	O
2	O
Diabetes	O
Patients	O
With	O
Renal	O
Impairment	O
http	O
:	O
/	O
/	O
dlvr	O
.	O
it	O
/	O
3ZjMML 	O
#	O
today	O

Antipsychotic	O
drugs	O
such	O
as	O
Zyprexa	O
,	O
Risperdal	O
&	O
Seroquel	O
place	O
the	O
elderly	O
at	O
increased	O
risk	O
of	O
strokes	O
&	O
death	O
http	O
:	O
/	O
/	O
bit	O
.	O
ly	O
/	O
jlhyVy 	O

“	O
@	O
GoogleMeBih	O
:	O
Goodmorning	O
world	O
!	O
!	O
It's	O
gonna	O
be	O
a	O
good	O
day	O
of	O
class	O
.	O
*	O
Pops	O
VyVanse	O
*	O
”	O
You	O
too	O
?	O

Humira	O
shot	O
done	O
-	O
hopefully	O
a	O
lifesaver	O

@	O
tittuck	O
i	O
know	O
it	O
made	O
me	O
want	B
to	I
be	I
sick	I
every	O
time	O
i	O
had	O
it	O
plus	O
fluoxetine	O
is	O
the	O
bigges	O
bunch	O
of	O
shit	O
ive	O
been	O
on	O
worse	O
than	O
sertraline	O

Lol	O
RT	O
@	O
HappieBunnie	O
:	O
:	O
d	O
RT	O
@	O
UberFacts	O
:	O
Bananas	O
contain	O
a	O
natural	O
chemical	O
that	O
can	O
make	O
a	O
person	O
happy	O
-	O
The	O
same	O
chemical	O
found	O
in	O
Prozac	O
.	O

@	O
mzHillBilli	O
@	O
haylieschotter	O
agreed	O
,	O
I	O
switched	O
to	O
the	O
personal	O
nicotine	O
vaporizer	O
3	O
years	O
ago	O
and	O
never	O
looked	O
back	O
.	O

If	O
you	O
took	O
Pradaxa	O
and	O
suffered	O
from	O
death	O
you	O
may	O
be	O
eligible	O
for	O
compensation	O
isn't	O
it	O
a	O
little	O
late	O
.	O
.	O
.	O
?	O

@	O
remiamaka	O
It	O
wasn't	O
an	O
easy	O
victory	O
though	O
.	O
Felt	B
like	I
chemo	I
with	O
the	O
Cipro	O
.	O
As	O
for	O
the	O
heart	O
,	O
i	O
meant	O
for	O
study	O
purposes	O
.	O

No	B
taste	I
for	O
you	O
-	O
vyvanse	O

@	O
SKDNY	O
humira	O
starting	O
to	O
help	O
at	O
all	O
?	O

Slow	O
down	O
,	O
you	O
sound	O
like	O
the	O
end	O
of	O
a	O
Cymbalta	O
commercial	O
.	O
-	O
Lucille	O
Bluth	O

i'd	O
very	O
much	O
like	O
to	O
down	O
a	O
bottle	O
of	O
seroquel	O
right	O
now	O
,	O
but	O
really	O
,	O
what	O
good	O
would	O
that	O
do	O
for	O
me	O
?	O
none	O
.	O
absolutely	O
none	O

Pristiq	O
isn't	O
helping	O
.	O
I'm	O
in	O
a	O
great	O
mood	O
.	O
Want	O
to	I
live	O
forever	O
.	O
Love	O
life	O
.	O
It	O
was	O
easy	O
when	O
I	O
had	O
no	O
mental	O
health	O
care	O
.	O
Wanted	B
to	I
diethen	O

RP	O
McMurphy	O
was	O
right	O
about	O
the	O
trazodone	O
being	O
my	O
new	O
favorite	O
bed	O
-	O
buddy	O
.	O
RIP	O
,	O
melatonin	B
dreams	B
.	O
You	O
were	O
getting	O
too	O
weird	O
-	O
even	O
for	O
me	O
.	O

No	O
!	O
I	O
always	O
get	O
Cipro	O
before	O
I	O
travel	O
but	O
never	O
had	O
to	O
use	O
it	O
,	O
not	O
even	O
in	O
Mexico	O
!	O
MT	O
@	O
johnnyjet	O
:	O
Ever	O
call	O
doctor	O
on	O
a	O
trip	O
?	O
#	O
TravelSkills	O

Need	O
some	O
Cymbalta	O
up	O
in	O
this	O
place	O

@	O
BipolarBlogger	O
yeah	O
,	O
generic	O
Venlafaxine	O
has	O
about	O
four	O
different	O
slow	O
release	O
formulations	O
,	O
I	O
got	O
withdrawals	B
from	O
some	O
.	O

RT	O
@	O
UberFacts	O
:	O
Bananas	O
contain	O
a	O
natural	O
chemical	O
that	O
can	O
make	O
a	O
person	O
happy	O
-	O
The	O
same	O
chemical	O
found	O
in	O
Prozac	O
.	O

I'm	O
now	O
back	O
on	O
the	O
olanzapine	O
along	O
side	O
lithium	O
.	O
Ugh	O
.	O
#	O
helloweightgain	O

Tomorrow's	O
exam	O
:	O
Amlodipine	O
,	O
Lercardipine	O
,	O
Nifedipine	O
,	O
Diltiazem	O
,	O
Atenolol	O
,	O
Metoprolol	O
,	O
Bisoprolol	O
.	O
.	O
.	O
I	O
give	O
up	O
.	O
.	O
#	O
copyandpaste	O
#	O
impossible	O

FUCKING	I
NICOTINE	O
DRIVING	B
MY	I
FUCKING	I
MIND	I
UP	I
THE	I
FUCKING	I
WALL	I
.	O
I	O
FEEL	O
LIKE	O
KATHY	O
BATES	O

@	O
AmyBadkin	O
@	O
_	O
ultimateniknik	O
I	O
like	O
Humira	O
.	O
Works	O
for	O
me	O
so	O
far	O

Starting	O
Humira	O
tomorrow	O
.	O
:	O
)	O
I	O
wonder	O
if	O
it	O
will	O
make	O
me	O
tired	B
for	O
a	O
day	O
or	O
so	O
like	O
Remicade	B
did	O
.	O
If	O
it	O
works	O
,	O
it's	O
worth	O
it	O
.	O

@	O
ShipMom	O
Cipro	O
is	O
awful	O
makes	O
me	O
sick	B
as	O
a	O
dog	O
too	O

The	O
Fluoroquinolone	O
Syndrome	O
<	O
-	O
Have	O
you	O
experienced	O
side	O
effects	O
from	O
taking	O
Quinolones	O
antibiotics	O
(	O
e	O
.	O
g	O
.	O
Cipro	O
)	O
?	O

#	O
Health	O
#	O
Tip	O
:	O
An	O
antidepressant	O
(	O
paroxetine	O
)	O
is	O
now	O
US	O
-	O
FDA	O
approved	O
as	O
the	O
first	O
non	O
-	O
hormonal	O
drug	O
for	O
treating	O
hot	O
flushes	O
of	O
the	O
menopause	O

Since	O
quetiapine's	O
messed	O
with	O
my	O
prolactin	B
levels	I
,	O
making	O
my	O
boobs	B
humungous	I
&	O
my	O
bras	O
so	O
expensive	O
,	O
I	O
want	O
a	O
lingerie	O
component	O
to	O
DLA	O
.	O

Any	O
given	O
night	O
i	O
still	O
pop	O
that	O
pussy	O
like	O
a	O
prozac	O

18	O
.	O
08	O
day	O
11	O
Rivaroxaban	O
diary	O
Intense	O
back	B
pain	I
at	O
a	O
funeral	O
from	O
10	O
.	O
30am	O
.	O
paracetamol	O
eventually	O
took	O
it	O
off	O
.	O
Very	O
weak	B
and	O
aching	B
knees	I

My	O
Seroquel	O
this	O
morning	O
got	O
me	O
lethargic	B

Slept	B
11	I
hours	I
last	O
night	O
on	O
seroquel	O
o	O
.	O
O	O

Australian	O
soldiers	O
say	O
We're	O
drooling	O
blobs	O
after	O
#	O
Seroquel	O
Rxs	O
for	O
#	O
PTSD	O
jump	O
570	O
%	O
btwn	O
2008	O
-	O
2012	O
|	O
@	O
psychupdate	O
http	O
:	O
/	O
/	O
bit	O
.	O
ly	O
/	O
11uHxsw 	O

GZ	O
looks	O
like	O
he's	O
on	O
Paxil	O
or	O
something	O
.	O
#	O
hlnzimmermantrial	O

08	O
.	O
26	O
day	O
14	O
rivaroxaban	O
diary	O
.	O
Just	O
been	O
to	O
cut	O
some	O
wild	O
roses	O
down	O
so	O
workmen	O
can	O
easily	O
get	O
to	O
part	O
of	O
my	O
garage	O
.	O
Intense	O
back	B
pain	I
.	O

I'm	O
super	O
trillz	O
and	O
u	O
kno	O
dat	O
aaaaand	O
dat	O
pussy	O
throwback	O
,	O
and	O
any	O
given	O
night	O
I	O
can	O
still	O
pop	O
that	O
ass	O
like	O
a	O
Prozac	O

6	O
months	O
intensive	O
therapy	O
using	O
pyrazinamide	O
,	O
ethambutol	O
,	O
kanamycin	O
,	O
levofloxacin	O
,	O
etionamide	O
,	O
cycloserin	O

@	O
CoCayne18	O
stopped	B
working	I
.	O
I	O
don't	O
think	O
their	O
meant	O
to	O
last	O
forever	O
but	O
again	O
it	O
depends	O
on	O
the	O
person	O
.	O
I	O
took	O
Enbrel	O
when	O
I	O
was	O
on	O
my	O

I	O
AIN'T	O
EVEN	O
FEEL	O
IT	O
YET	O
THO	O
,	O
JUST	O
BARELY	O
TOOK	O
IT	O
.	O
.	O
ALREADY	O
ATE	O
A	O
BIT	O
,	O
AND	O
DRINKING	O
A	O
CALCIUM	O
-	O
ENRICHED	O
SMOOTHIE	O
LOLOL	O
#	O
vyvanse	O

although	O
taking	O
it	O
now	O
would	O
run	O
counter	O
to	O
my	O
current	O
food	O
+	O
seroquel	O
=	O
RLS	B
philosophy	O

@	O
Privacy625	O
@	O
sandycolon25	O
the	O
Seroquel	O
is	O
addictive	B
a	O
d	O
they	O
deny	O
it	O
.	O

@	O
sleazeballz	O
@	O
Kanako	O
_	O
UkFur	O
was	O
on	O
Lamotrigine	O
for	O
about	O
5	O
months	O
,	O
got	O
taken	O
off	O
them	O
due	O
to	O
a	O
rash	B
on	O
my	O
elbow	O
:	O
/	O
now	O
i	O
feel	O
more	O
meh	O

Cymbalta	O
,	O
you're	O
driving	B
me	I
insane	I
.	O

@	O
Bentwelly	O
@	O
MadBambi	O
yep	O
,	O
this	O
one	O
is	O
my	O
top	O
tip	O
for	O
all	O
sore	B
throats	I
too	O
.	O
Works	O
by	O
relaxing	O
the	O
muscles	O
.	O
Combine	O
with	O
a	O
numbing	O
lozenge	O
xx	O

@	O
nobleday	O
medications	O
like	O
copaxone	O
rebif	O
,	O
gilenya	O
or	O
tysabri	O
wouldn't	O
be	O
here	O
today	O
without	O
it	O

@	O
Shellyfanelly	O
I	O
was	O
on	O
#	O
azathioprine	O
for	O
about	I
8	O
years	O
,	O
it	O
worked	O
well	O
,	O
now	O
on	O
#	O
Humira	O
instead	O
though	O
which	O
is	O
knocking	B
me	I
about	I

@	O
jelizap	O
Tried	O
lithium	O
&	O
depakote	O
been	O
reading	O
up	O
on	O
Lamotrigine	O
it	O
was	O
suggested	O
but	O
had	O
such	O
nightmare	B
with	O
Quetiapine	O
was	O
scared	O
to	O
try	O

Why	O
is	O
there	O
a	O
full	O
four	O
-	O
page	O
medical	O
guide	O
for	O
Xarelto	O
tablets	O
in	O
my	O
*	O
TV	O
*	O
guide	O
issue	O
?	O
Somethin'	O
ain't	O
right	O
here	O
.	O

@	O
UberFacts	O
:	O
Bananas	O
contain	O
a	O
natural	O
chemical	O
that	O
can	O
make	O
a	O
person	O
happy	O
The	O
same	O
chemical	O
found	O
in	O
Prozac	O
.	O
@	O
D	O
_	O
Cookie007	O
@	O
ChaseSuttonUK	O

Only	O
one	O
day	O
in	O
and	O
Mirtazapine	O
is	O
like	O
fluoxetine	O
all	O
over	O
again	O
,	O
it	O
just	O
makes	O
me	O
so	O
tiered	B

Ah	O
,	O
the	O
Sunday	O
night	O
sleep	B
.	O
.	O
.	O
my	O
worst	O
enemy	O
.	O
Do	O
work	O
trazodone	O
#	O
ZzZzZzZ	O

@	O
MTV	O
When	O
are	O
you	O
going	O
to	O
do	O
True	O
Life	O
:	O
I	O
am	O
addicted	B
to	O
Vyvanse	O
?	O

@	O
crescentcolours	O
that'll	O
be	O
the	O
quetiapine	O
making	O
you	O
drowsy	B
.	O
It's	O
a	O
common	O
side	O
effect	O
xx	O

Personal	O
frustration	O
med's	O
that	O
work	O
(	O
Humira	O
)	O
then	O
wear	B
-	O
off	I
even	O
when	O
taking	O
MTX	O
for	O
anti	O
-	O
bodies	O
.	O
#	O
rheum	B

In	O
my	O
hood	O
niggas	O
try	O
to	O
smoke	O
ya	O
just	O
like	O
nicotine	O
.	O

I	O
guess	O
this	O
is	O
what	O
I	O
get	O
for	O
doubling	O
my	O
vyvanse	O
#	O
nosleep	B

@	O
FlorenceSheriffDept	O
A	O
man	O
with	O
a	O
ponytail	O
just	O
offered	O
my	O
son	O
a	O
lozenge	O
.	O
WHAT	O
SHOULD	O
I	O
DO	O
?	O
!	O
?	O
!	O

Last	O
night	O
,	O
I	O
had	O
a	O
dream	O
that	O
@	O
bromethazine	O
and	O
I	O
were	O
going	O
to	O
have	O
sex	O
,	O
but	O
I	O
was	O
too	O
tired	B
.	O
Seroquel	O
is	O
the	O
devil	O
.	O

@	O
calyxxx	O
same	O
with	O
venlafaxine	O
,	O
1	O
user	O
I	O
spoke	O
to	O
yrs	O
ago	O
stopped	O
taking	O
that	O
when	O
she	O
started	O
having	O
acid	B
like	I
trips	I
losing	O
hours	O
at	O
a	O
time	O

21	O
.	O
43	O
day	O
25	O
Rivaroxaban	O
diary	O
.	O
Think	O
all	O
rvxbn	O
nowq	O
out	O
of	O
my	O
body	O
but	O
Losartan	O
(	O
last	O
25mg	O
tablet	O
taken	O
4	O
days	O
ago	O
)	O
remains	O
.	O
Still	O
aching	B
.	O

#	O
tysabri	O
infusion	O
37	O
.	O
.	O
.	O
4	O
days	O
late	O
but	O
it's	O
ok	O
better	O
late	O
than	O
never	O
.	O
.	O
.	O
pic	O
.	O
twitter	O
.	O
com	O
/	O
X3w5w5mhsP	O

Rivaroxaban	O
diary	O
ctd	O
,	O
neck	B
and	O
should	B
ache	I
,	O
lower	O
back	B
pain	I
and	O
knee	B
ache	I
.	O

I	O
need	O
a	O
few	O
Trazodone	O
and	O
a	O
good	O
nights	O
sleep	O
.	O
See	O
you	O
guys	O
.	O
I	O
really	O
hope	O
I	O
wake	O
up	O
to	O
storyline	O
.	O
*	O
grins	O
*	O

So	I
unfair	O
,	O
I	O
never	O
get	O
the	O
good	O
side	O
effects	O
of	O
meds	O
.	O
Ativan	O
,	O
Seroquel	O
,	O
&	O
Ambien	O
XR	O
make	O
me	O
feel	B
so	I
drink	I
I	O
cant	B
really	I
walk	I
&	O
Im	O
nauseated	B

second	O
-	O
line	O
:	O
buspirone	O
(	O
lower	O
abuse	O
potential	O
,	O
longer	O
onset	O
,	O
less	O
sedation	O
than	O
bzdps	O
)	O
,	O
quetiapine	O
(	O
really	O
.	O
.	O
.	O
)	O
,	O
others	O
in	O
guideline	O

@	O
AnyssiaKaissa	O
Depakote	B
made	O
me	O
feel	O
flat	B
,	O
but	O
helps	O
many	O
.	O
Zyprexa	O
can	O
cause	O
weight	B
gain	I
,	O
so	O
be	O
very	O
careful	O
.	O
I	O
can't	O
tolerate	O
it	O
.	O

Well	O
,	O
good	O
start	O
to	O
the	O
day	O
.	O
.	O
.	O
Fell	O
asleep	O
in	O
my	O
car	O
and	O
nearly	O
choked	O
on	O
the	O
lozenge	O
I	O
has	O
just	O
put	O
in	O
my	O
mouth	O
.	O

Brb	O
,	O
dying	O
of	O
nicotine	O
withdrawal	B
.	O

“	O
@	O
Antonio	O
_	O
NBPDW	O
:	O
Depression	O
sucks”cymbalta	O
can	O
help	O

one	O
time	O
i	O
liked	O
a	O
guy	O
and	O
told	O
him	O
i	O
was	O
sad	O
a	O
lot	O
and	O
he	O
told	O
me	O
to	O
take	O
cymbalta	O
and	O
thats	O
why	O
i	O
hate	O
people	O

Does	O
anyone	O
happen	O
to	O
know	O
if	O
Lamictal	O
causes	O
you	O
to	O
feel	B
hot	I
?	O
@	O
liberonetwork	O
@	O
_	O
Sabiiiiii	O
#	O
cantstopsweating	O

@	O
pueblokc	O
Cymbalta	O
sounds	O
like	O
the	O
princess	O
in	O
an	O
80's	O
computer	O
game	O
.	O

Burning	O
down	O
the	O
nicotine	O
armoire	O

@	O
jodidaubs	O
@	O
SassyJP10	O
he	O
is	O
from	O
Fleetwood	O
,	O
Lancashire	O
.	O
Also	O
the	O
place	O
where	O
the	O
Fisherman's	O
Friends	O
lozenge	O
originated	O
#	O
fleetwoodfac	O
.	O
.	O
.	O
.	O
t	O

Somebody	O
please	O
give	O
Kendrick	O
Lamar	O
a	O
throat	O
lozenge	O
#	O
bonnaroo	O

Apixaban	O
:	O
factor	O
xa	O
inhibitor	O
for	O
stroke	O
prevention	O
in	O
patients	O
with	O
nonvalvular	O
atrial	O
fibrillation	O
.	O

I	O
am	O
the	O
throat	O
lozenge	O
Gwede	O
Mantashe	O
refused	O
.	O

@	O
LISABROWNPHOTOS	O
Consider	O
yourself	O
lucky	O
if	O
all	O
it	O
does	O
is	O
make	O
you	O
dizzy	B
and	O
sick	B
!	O
Cipro	O
crippled	B
me	O
and	O
countless	O
others	O
.	O

Giancarlo	O
Agnelli	O
just	O
presented	O
good	O
résults	O
of	O
#	O
Amplify	O
study	O
#	O
Apixaban	O
in	O
treatment	O
of	O
PE	O
and	O
DVT	O
#	O
isth2013pic	O
.	O
twitter	O
.	O
com	O
/	O
pSWj9OEaKV	O

@	O
Glinda	O
_	O
R	O
@	O
SpooniesCouch	O
Cymbalta	O
withdrawal	B
is	O
getting	O
top	O
billing	O
at	O
the	O
moment	O
,	O
however	O
.	O
Ugh	O
!	O
xx	O

Someone	O
bring	O
me	O
Starbucks	O
and	O
a	O
throat	O
lozenge	O
.	O

@	O
FashonButterfly	O
Enbrel	O
has	O
a	O
great	O
support	O
system	O
and	O
helps	O
with	O
my	O
enormous	O
copays	O
!	O
!	O
!	O

@	O
QuiteColdNight	O
@	O
BuzzFeedAndrew	O
USPS	O
employees	O
who	O
were	O
given	O
Cipro	O
ended	O
up	O
crippled	O
by	O
it	O
&	O
filed	O
a	O
class	O
action	O
lawsuit	O
against	O
Bayer	O
.	O

“	O
@	O
demarriah	O
:	O
I	O
quit	O
Alcohol	O
&	O
nicotine	O
right	O
now	O
!	O
!	O
”	O
Stop	O
ittttt	O

@	O
CIPROisPOISON	O
@	O
_	O
cimmy	O
_	O
I	O
hope	O
you	O
are	O
doing	O
better	O
now	O
.	O
Yes	O
,	O
a	O
small	O
dose	O
of	O
Cipro	O
a	O
few	O
years	O
ago	O
did	O
get	O
me	O
two	O
or	O
so	O
years	O
of	O
problems	O
.	O

Report	O
:	O
a	O
fixed	O
-	O
dose	O
regimen	O
of	O
dabigatran	O
for	O
ischemic	O
stroke	O
may	O
be	O
ineffective	O
in	O
pts	O
with	O
severe	O
obesity	O
.	O
http	O
:	O
/	O
/	O
nej	O
.	O
md	O
/	O
11MAcpw 	O

@	O
liver	O
_	O
bird	O
_	O
87	O
@	O
MizTinkerbella	O
when	O
I	O
was	O
on	O
cymbalta	O
and	O
visanne	O
I	O
could	B
not	I
orgasm	I
at	O
all	O
!	O
!	O
!	O

Nicotine	O
and	O
faded	O
dreams	O
,	O
baby	O
just	O
believe	O
there's	O
no	O
one	O
else	O
like	O
me	O

@	O
BroahEgan	O
it's	O
my	O
nicotine	O
withdrawls	B

This	O
aint	O
somekinda	O
cry	O
for	O
help	O
but	O
Im	O
done	O
iv	O
had	O
all	O
I	O
can	O
take	O
the	O
moonshine	O
ain't	O
workin	O
the	O
nicotine	O
ain't	O
workin	O
Its	O
time	O
for	O
me	O
togo	O

@	O
paribes	O
OfCourse	O
it	O
does	O
!	O
!	O
Nicotine	O
firstly	O
kills	O
your	O
creativity	O
!	O
And	O
most	O
of	O
the	O
youths	O
smoking	O
,	O
taking	O
tobacco	O
are	O
found	O
less	O
creative	O
!	O

@	O
darko	O
_	O
marco	O
I've	O
no	O
probs	O
with	O
porn	O
other	O
than	O
the	O
fact	O
that	O
I've	O
gained	B
80	I
pounds	I
on	O
Effexor	O
and	O
no	O
one	O
needs	O
to	O
see	O
that	O
;	O
-	O
)	O

trying	O
to	O
go	O
to	O
bed	O
early	O
tonight	O
.	O
took	O
my	O
trazodone	O
again	O
just	O
so	O
I	O
hopefully	O
don't	O
wake	O
up	O
at	O
five	O
am	O
but	O
I	O
probably	O
will	O
ugh	O

@	O
split	O
_	O
tha	O
_	O
Mhz	O
technically	O
,	O
olanzapine	O
isn't	O
fda	O
approved	O
in	O
bipolar	O
depression	O
.	O

#	O
caep13	O
Q	O
:	O
role	O
for	O
tranexamic	O
acid	O
in	O
massive	O
GI	O
bleed	O
on	O
dabigatran	O
.	O
Room	O
divided	O
but	O
panel	O
supports	O
.	O
Last	O
ditch	O
effort	O
;	O
weak	O
evidence	O
.	O

Idols	O
came	O
crashing	O
down	O
2nite	O
.	O
Bob	O
Geldof	O
,	O
just	O
cringed	O
.	O
Blondie	O
,	O
band	O
sublime	O
,	O
Debbie	O
needs	O
a	O
lozenge	O
.	O
Glasto	O
on	O
the	O
telly	O
.	O
.	O

Fluoxetine	O
from	O
$	O
1	O
.	O
92	O
per	O
capsule	O
in	O
1993	O
to	O
$	O
0	O
.	O
03	O
today	O
#	O
PHARMAC	O
#	O
NZ	O
#	O
ihea2013	O

Exhausted	O
.	O
.	O
.	O
can't	O
fall	O
asleep	O
.	O
Don't	O
wanna	O
take	O
a	O
trazadone	O
and	O
wake	O
up	O
hungover	B
.	O
#	O
Sleepdisorderproblems	O

@	O
TheOnlyWayIsGay	O
Fluoxetine	O
.	O
Killed	B
my	I
libido	I
stone	O
dead	O
.	O

@	O
jortwine	O
I	O
had	O
a	O
patient	O
allergic	O
to	O
all	O
antibiotics	O
expect	O
Levaquin	O
&	O
Cleomycin	O
(	O
sic	O
)	O

Thank	O
god	O
my	O
steady	O
stream	O
of	O
vyvanse	O
is	O
wearing	O
off	O
,	O
i	O
can	O
sleep	B
now	O
.	O

RT	O
@	O
boehringer	O
:	O
#	O
dabigatran	O
submitted	O
to	O
EMA	O
for	O
acute	O
#	O
treatment	O
&	O
prevention	O
of	O
recurrent	O
#	O
DVT	O
#	O
Pulmonaryembolism	O
http	O
:	O
/	O
/	O
bit	O
.	O
ly	O
/	O
12kvxKo 	O

That	O
moment	O
when	O
your	O
vyvanse	O
kicks	O
in	O
and	O
you	O
write	O
down	O
all	O
these	O
lists	O
but	O
only	O
get	O
as	O
far	O
as	O
writing	O
them	O
down	O
.	O
#	O
shortattentionspand	O

@	O
katelynjoyy	O
the	O
aythromicyn	O
didn't	O
work	O
so	O
I'm	O
back	O
on	O
cipro	O
which	O
is	O
what	O
caused	O
my	O
septic	B
c	I
diff	I
in	O
sept	O
.	O

@	O
saschel	O
for	O
a	O
moment	O
i	O
read	O
knee	O
deep	O
in	O
prozac	O
,	O
but	O
nothing	O
to	O
worry	O
about	O
i	O
reckon	O

@	O
Boop	O
_	O
B	O
_	O
Love	O
vyvanse	O
and	O
adivan	O
.	O
.	O
.	O
.	O
its	O
wS	O
a	O
crazy	O
night	O
my	O
heart	B
stopped	I
for	O
like	O
36	O
seconds	O
.	O
Woke	O
up	O
in	O
the	O
mental	O
hospital	O
.	O

Only	O
12	O
more	O
days	O
until	O
I	O
will	O
be	O
able	O
to	O
stop	O
taking	O
Pradaxa	O
which	O
will	O
remove	O
the	O
risk	O
of	O
bleeding	O
out	O
allowing	O
me	O
to	O
resume	O
working	O
.	O

@	O
FearLoathingBTX	O
V	O
concerned	O
about	O
how	O
liberally	O
Seroquel	O
is	O
used	O
for	O
sleep	O
,	O
etc	O
.	O
Should	O
be	O
used	O
with	O
caution	O
,	O
if	O
at	O
all	O
.	O

I've	O
taken	O
everything	O
but	O
my	O
Trazodone	O
that's	O
tonight	O
,	O
but	O
the	O
nasal	B
spray	I
is	O
giving	O
me	O
a	O
drip	B
:	O
|	O

@	O
SenSanders	O
@	O
deniseromano	O
@	O
BarackObama	O
calm	O
down	O
Burnie	O
time	O
to	O
take	O
Prozac	O

Rivaroxaban	O
diary	O
2	O
/	O
2	O
.	O
.	O
but	O
not	B
hungry	I
.	O
Has	O
to	O
be	O
taken	O
with	O
food	O
.	O
Only	O
had	O
1	O
hot	O
drink	O
and	O
1	O
slice	O
of	O
bread	O
so	O
far	O
today	O

@	O
jameswanko	O
*	O
gives	O
you	O
a	O
throat	O
lozenge	O
*	O

I	O
regret	O
swallowing	O
my	O
vyvanse	O
at	O
this	O
moment	O
#	O
tootiredforthis	O

@	O
rawarrior	O
have	O
had	O
no	O
response	O
on	O
double	O
and	O
triple	O
treatments	O
.	O
Have	O
exhausted	O
humors	O
,	O
enbrel	O
,	O
and	O
now	O
on	O
this	O
.	O
Recently	O
taken	O
out	O
of	O
work	O

I'm	O
bout	O
to	O
get	O
me	O
a	O
sierra	O
mist	O
.	O
I	O
wish	O
I	O
had	O
some	O
seroquel	O
xr	O
so	O
I	O
could	O
go	O
to	O
sleep	B

#	O
PaulaDeen	O
may	O
have	O
been	O
paid	O
$	O
6	O
million	O
for	O
her	O
endorsement	O
of	O
Victoza	O
.	O
Drug	O
Maker	O
Suspends	O
Deal	O
With	O
Deen	O
-	O
-	O
http	O
:	O
/	O
/	O
mobile	O
.	O
nytimes	O
.	O
com	O
/	O
2013	O
/	O
06	O
/	O
28	O
/	O
dining	O
/	O
diabetes	O
-	O
drug	O
-	O
maker	O
-	O
suspends	O
-	O
deal	O
-	O
with	O
-	O
deen	O
.	O
html …	O

@	O
annaspargoryan	O
benzos	O
don't	O
work	O
for	O
me	O
&	O
I've	O
had	O
a	O
cracker	O
of	O
a	O
panic	B
attack	I
on	O
seroquel	O
.	O
listening	O
to	O
people	O
chat	O
on	O
podcasts	O
helps	O
me	O
.	O

@	O
Gingersquirrel	O
.	O
.	O
.	O
could	O
mean	O
I'm	O
going	O
high	O
again	O
.	O
But	O
I	O
have	O
extra	O
quetiapine	O
I	O
can	O
take	O
,	O
just	O
in	O
case	O
.	O

Sent	O
my	O
lovely	O
compandre	O
to	O
fuel	O
my	O
nicotine	O
addiction	B

Anyone	O
who	O
will	O
listen	O
:	O
never	O
ever	O
take	O
Effexor	O
/	O
Venlafaxine	O
.	O
Paraesthesia	B
abound	O
.	O

What	O
a	O
great	O
store	O
@	O
Walmart	O
is	O
:	O
I	O
loss	O
IQ	O
points	O
,	O
gained	O
weight	O
&	O
got	O
addicted	O
to	O
nicotine	O
-	O
all	O
in	O
under	O
15	O
min	O
from	O
going	O
in	O
!	O
!	O

@	O
LeahIce	O
@	O
britlee	O
_	O
harp	O
Cipro	O
can	O
do	O
a	O
lot	O
worse	O
than	O
that	O
!	O
Google	O
floxing	O
or	O
Cipro	O
poisoning	O
or	O
fluoroquinolone	O
toxicity	O
syndrome	O
.	O

That	O
zyprexa	O
really	O
makes	O
your	O
vocal	O
chords	O
marvelous	O
only	O
it	O
makes	O
you	O
gain	B
so	I
much	I
weight	I

Sunovion	O
Pharmaceuticals	O
Inc	O
.	O
Announces	O
FDA	O
Approval	O
Of	O
Latuda®	O
(	O
Lurasidone	O
HCl	O
)	O
As	O
Monotherapy	O
And	O
Adjunctive	O
Therapy	O
In	O
Adult	O
Patients	O
Wi…	O

@	O
cheer	O
_	O
bear13	O
quetiapine	O
knocked	B
me	I
sidewards	I
for	O
a	O
week	O
then	O
I	O
suddenly	O
woke	O
up	O
activated	O
.	O
Then	O
relapsed	O
,	O
upped	O
dose	O
,	O
activated	O
&	O
so	O
on	O

how	O
cn	O
u	O
gv	O
sum1	O
who's	O
simply	O
havn	O
trouble	O
sleeping	O
a	O
drug	O
that	O
is	O
as	O
potently	O
psychoactive	O
and	O
neuro	O
-	O
altering	O
as	O
Paxil	O
!	O
Lyk	O
,	O
wtf	O
!	O
Really	O
?	O

@	O
Nichole	O
_	O
Lindsey	O
I've	O
had	O
Cipro	O
before	O
.	O
Luckily	O
for	O
me	O
,	O
the	O
only	O
side	O
fx	O
I	O
tend	O
to	O
get	O
from	O
AB	O
is	O
gastic	B
upset	I
.	O
But	O
I	O
RARELY	O
use	O
AB	O
.	O

Stopped	O
#	O
seroquel	O
for	O
2	O
months	O
as	O
it	O
caused	O
terrible	O
side	O
effect	O
.	O
Had	O
to	O
start	O
back	O
up	O
or	O
lose	O
my	O
job	O
#	O
hotflashes	B
r	O
soooo	O
fun	O
#	O
thisismylife	O

@	O
HarryDFish	O
@	O
deltrimental	O
Joe	O
is	O
on	O
Pristiq	O
and	O
he	O
gets	O
weird	O
brain	B
zap	I
/	O
twitch	B
things	O
too	O
.	O

@	O
Incubator04	O
I'm	O
hoping	O
that	O
I	O
get	O
on	O
the	O
zyprexa	O
.	O
The	O
GI	O
was	O
pretty	O
sure	O
it	O
would	O
help	O
the	O
nausea	B
and	O
I	O
know	O
it'll	O
help	O
the	O
crazies	B
.	O

@	O
I	O
_	O
amYaLeader	O
:	O
Florida	O
is	O
in	O
need	O
of	O
Cymbalta	O
!	O
All	O
this	O
depression	O
and	O
shit	O
!	O
L	O
O	O
FUCKING	O
L	O

@	O
keep	O
_	O
_	O
smyelin	O
yes	O
they	O
insert	O
a	O
port	O
for	O
the	O
infusion	O
with	O
Tysabri	O
.	O
I	O
did	O
it	O
yesterday	O
for	O
the	O
49th	O
time	O
.	O
It's	O
just	O
a	O
small	O
sting	O
.	O

@	O
CandidlyKelly	O
some	O
day	O
I	O
should	O
try	O
fluoxetine	O
again	O
.	O
it	O
made	O
me	O
all	O
suicidal	B
the	O
first	O
time	O
,	O
but	O
I	O
was	O
18	O

Must	O
need	O
a	O
#	O
DoctorWho	O
fix	O
.	O
The	O
music	O
from	O
this	O
Humira	O
commercial	O
reminds	O
me	O
of	O
the	O
music	O
from	O
the	O
episode	O
The	O
Idiot's	O
Lantern	O
.	O

@	O
Claramusician	O
@	O
joshgroban	O
shame	O
that	O
idiots	O
depth	O
venlafaxine	O
never	O
my	O
words	O
,	O
but	O
the	O
ignorance	O
of	O
their	O
interpretation	O

@	O
Gidi	O
_	O
Traffic	O
.	O
Clearance	O
sales	O
.	O
200mg	O
sparfloxacin	O
x	O
6tabs	O
for	O
N100	O
each	O
and	O
500mg	O
levofloxacin	O
x10tabs	O
for	O
N150	O
.	O
Call	O
01	O
-	O
2901514	O

Now	O
I'm	O
on	O
klonopin	O
and	O
Abilify	O
with	O
my	O
Paxil	O
,	O
hoping	O
these	O
work	O
.	O
Also	O
have	O
a	O
case	O
worker	O
to	O
start	O
me	O
on	O
social	O
security	O
.	O

@	O
ZNB	O
_	O
Maqbool	O
sweaty	B
fluoxetine	O
addict	B

vyvanse	O
makes	O
me	O
think	B
too	I
much	I

Trajenta®	O
(	O
Linagliptin	O
)	O
:	O
New	O
Data	O
On	O
Safety	O
And	O
Efficacy	O
In	O
Type	O
2	O
Diabetes	O
Patients	O
With	O
Renal	O
Impairment	O
http	O
:	O
/	O
/	O
bit	O
.	O
ly	O
/	O
121rHuD 	O
#	O
diabetes	O

sweet	O
raw	O
flesh	O
,	O
&	O
nicotine	O
summer	O
time	O
.	O

To	O
take	O
my	O
seroquel	O
and	O
have	O
weird	B
dreams	I
or	O
to	O
not	O
.	O
.	O
.	O
Real	O
life	O
lyndsey	O
world	O
questions	O

I	I
really	O
hate	O
the	O
fact	O
that	O
I	I
feel	B
like	I
I	I
need	I
to	I
throw	I
up	I
while	O
at	O
work	O
.	O
Maybe	O
taking	O
my	O
vyvanse	O
wasn't	O
a	O
good	O
idea	O

Although	O
I	O
think	O
he	O
needs	O
a	O
throat	O
lozenge	O
.	O

@	O
nikkimarieeeee	O
lucky	O
bitch	O
i	O
took	O
vyvanse	O
today	O
as	O
it	O
makes	O
me	O
not	B
eat	I
i	O
just	O
wanna	O
be	O
able	O
to	O
wanna	O
eat	I
ugh	O

@	O
MerePrototype	O
Probably	O
the	O
combination	O
with	O
my	O
fluoxetine	O
.	O
But	O
I	O
can't	O
move	O
that	O
to	O
night	O
time	O
,	O
it	O
makes	O
me	O
have	O
bad	B
dreams	I
.	O

@	O
piss	O
_	O
wizard	O
They're	O
switching	O
me	O
to	O
effexor	O
!	O
Look	O
at	O
me	O
I'm	O
the	O
silver	O
linings	O
playbook	O
and	O
shit	O
I	O
feel	O
like	O
a	O
star	O
!	O
!	O

I	O
decided	O
to	O
try	O
visualization	O
tapes	O
again	O
.	O
At	O
least	O
they	O
wouldn't	O
give	O
me	O
a	O
rash	B
like	O
Lamictal	O
.	O

@	O
Fleer09	O
:	O
Playing	O
league	O
while	O
on	O
vyvanse	O
is	O
too	O
damn	O
stressful	B
.	O
Back	O
to	O
public	O
I	O
go	O
!	O

Well	O
,	O
yesterday	O
was	O
rubbish	O
(	O
post	O
humira	O
)	O
all	O
day	O
in	O
bed	O
,	O
loads	O
of	O
pain	B
etc	O
.	O
Just	O
got	O
up	O
and	O
I	O
think	O
I'm	O
alright	O
?	O
Give	O
it	O
an	O
hour	O
and	O
reassess	O
lol	O

Mimi	O
need	O
a	O
throat	O
lozenge	O
and	O
sum	O
hot	O
tea	O

I	O
get	O
such	O
a	O
nicotine	O
buzz	O
when	O
I	O
smoke	O
and	O
don't	O
drink	O
,	O
you	O
know	O
it's	O
a	O
rare	O
occasion	O
but	O
the	O
feeling	O
is	O
gooood	O
@	O
JordanDepoti	O
@	O
mtorch22	O

We	O
represent	O
people	O
injured	O
by	O
dangerous	O
drugs	O
&	O
vaccines	O
including	O
:	O
SSRI	O
drugs	O
:	O
Paxil	O
,	O
Zoloft	O
,	O
Effexor	O
,	O
Celexa	O
,	O
Lexapro	O
,	O
&	O
Prozac	O
.	O

@	O
DrDrewHLN	O
@	O
drdrew	O
#	O
Zimmerman	O
was	O
removed	O
from	O
Vyvanse	O
for	O
mood	B
swings	I
before	O
he	O
was	O
put	O
on	O
Adderall	O
See	O
Med	O
report	O
:	O
pic	O
.	O
twitter	O
.	O
com	O
/	O
g5dXRJKPr5	O

This	O
tastes	O
like	O
liquid	O
fluoxetine	O
tastes	O
but	O
I'm	O
pretty	O
sure	O
if	O
I	O
drink	O
it	O
quick	O
it'll	O
taste	O
betterpic	O
.	O
twitter	O
.	O
com	O
/	O
AHDxKnaLrr	O

SO	O
GLAD	O
to	O
have	O
just	O
finished	O
a	O
course	O
of	O
cipro	O
!	O
Fingers	O
crossed	O
I	O
can	O
stay	O
off	O
of	O
nausea	B
inducing	O
meds	O
for	O
the	O
next	O
little	O
while	O
.	O
.	O
.	O

@	O
HeatherM211	O
@	O
DavidJuurlink	O
yup	O
.	O
Tho	O
wonder	O
if	O
this	O
is	O
increased	O
risk	O
w	O
/	O
dabigatran	O
vs	O
loss	O
of	O
protection	O
from	O
Coumadin	O
.	O

Fuck	O
Paxil	O
.	O
I	O
never	O
want	O
to	O
take	O
this	O
shit	O
again	O
,	O
but	O
every	O
time	O
I	O
try	O
I	O
get	O
ridiculously	O
sick	B
.	O
My	O
life	O
suckssss	O
.	O

*	O
british	O
accent	O
*	O
hey	O
cymbalta	O
are	O
you	O
working	O
today	O
?	O
@	O
Destiny	O
_	O
Tovar	O

Cymbalta	O
is	O
legal	O
,	O
an	O
antidepressant	B
.	O
.	O
.	O
.	O
.	O
side	O
effects	O
:	O
nausea	B
,	O
dry	B
mouth	I
,	O
constipation	B
,	O
diarrhea	B
,	O
fatigue	B
,	O
&	O
THOUGHTS	B
OF	I
SUICIDE	I

@	O
_	O
D	O
_	O
i	O
_	O
a	O
_	O
s	O
_	O
you're	O
starting	O
to	O
sound	O
like	O
a	O
Cymbalta	O
commercial	O
,	O
lighten	O
up	O
!	O

02	O
.	O
03	O
Rivaroxaban	O
diary	O
day	O
20	O
.	O
Some	O
neck	B
pain	I
and	O
legs	B
still	I
weak	I
,	O
but	O
feeling	O
much	O
better	O
.	O
Very	O
warm	O
night	O
.	O

@	O
CTsurgicalmum	O
I	O
just	O
retweeted	O
some	O
Cardiology	O
news	O
regarding	O
Dabigatran	O
&	O
post	O
AF	O
ablation	O
to	O
make	O
u	O
feel	O
at	O
home	O
!	O
LOL	O

Hahaha	O
,	O
you	O
wanna	O
subtweet	O
me	O
about	O
recycled	O
tweets	O
?	O
Okay	O
!	O
Sweety	O
rather	O
drink	O
your	O
Seroquel	O
&	O
go	O
sit	O
in	O
the	O
corner	O
&	O
work	O
on	O
your	O
marriage	O

@	O
Sectioned	O
_	O
@	O
HilaryMarmot	O
POOR	O
THINGS	O
!	O
They	O
wanna	O
try	O
withdrawal	O
from	O
venlafaxine	O
.	O
Think	O
I	O
might	O
sue	O
the	O
Pharma	O
Company	O
.	O

@	O
katharine	O
_	O
t	O
yeah	O
,	O
mum	O
stuff	O
,	O
just	O
frustrated	O
:	O
)	O
i	O
took	O
olanzapine	O
and	O
wrote	O
everything	O
out	O
and	O
m	O
falling	O
asleep	O
,	O
i'll	O
be	O
fine	O
!	O
Thanks	O
bb	O
Xx	O

The	O
one	O
bummer	O
about	O
it	O
all	O
is	O
that	O
the	O
Fluoxetine	O
is	O
giving	O
me	O
the	O
shakes	B
which	O
made	O
fine	O
fiddly	O
detail	O
work	O
harder	O
than	O
it	O
should	O
be	O

You	O
woukd	O
think	O
going	O
off	O
of	O
cymbalta	O
would	O
make	O
me	O
less	O
tired	B
.	O
.	O
.	O
but	O
nope	O
.	O
.	O
.	O
-	O
_	O
-	O

I	O
have	O
got	O
to	O
stop	O
taking	O
my	O
Vyvanse	O
so	O
late	O
!	O
!	O
#	O
nosleep	B
#	O
addproblems	O

Doubling	O
on	O
the	O
seroquel	O
=	O
passing	O
the	O
fuck	O
out	O
.	O
Night	O
bitches	O

Day	O
2	O
without	O
nicotine	O
:	O
Fuck	O
sleep	B
would	O
be	O
nice	O
.	O
So	O
would	O
a	O
dip	O
.	O
.	O
.	O
.	O
.	O
.	O
.	O

@	O
adelerosenbloom	O
Getting	O
off	O
Seroquel	O
(	O
Sero	O
-	O
KILL	O
)	O
can	O
cause	O
convulsions	B
,	O
fever	B
,	O
toxic	B
reactions	I
,	O
psychotic	B
reactions	I
.	O
and	O
other	O
shit	O

“	O
@	O
livwrenn	O
:	O
I	O
know	O
when	O
tori	O
take	O
a	O
vyvanse	O
cause	O
she	O
tweets	O
nonstop”	O
that's	O
what	O
I	O
do	O
hahaha	O
fuck	O

@	O
upasbook	O
Great	O
read	O
as	O
always	O
.	O
I	O
was	O
on	O
Cymbalta	O
for	O
5	O
days	O
.	O
Cold	O
turkey	O
had	O
sweats	B
,	O
migraine	B
,	O
tremors	B
while	O
on	O
&	O
3	O
days	O
after	O
.	O

@	O
PreciousThing	O
I	O
just	O
had	O
a	O
look	O
buddy	O
,	O
and	O
my	O
medication	O
(	O
Seroquel	O
)	O
does	O
affect	O
tolerance	B
to	I
the	I
sun	I
.	O

This	O
new	O
baccy	O
is	O
just	O
making	O
my	O
cough	B
so	O
much	O
worse	O
but	O
ahhh	O
well	O
need	O
my	O
nicotine	O

@	O
hwise29	O
Yikes	O
!	O
I	O
can	O
usually	O
fight	O
Adderall	O
/	O
Vyvanse	O
dehydration	B
with	O
water	O
,	O
but	O
it's	O
trickier	O
when	O
you're	O
drinking	O
your	O
stimulants	O
.	O

@	O
INukeYou	O
And	O
then	O
I	O
had	O
horrible	B
sleep	I
once	O
I	O
took	O
the	O
trazodone	O
.	O
I	O
just	O
couldn't	O
win	O
,	O
haha	O
.	O

If	O
your	O
doctor	O
prescribes	O
you	O
Seroquel	O
off	O
label	O
,	O
they	O
just	O
want	O
you	O
to	O
stfu	O
.	O
I'm	O
a	O
mute	B
.	O

Call	O
Jose	O
Zometa	O
202	O
-	O
617	O
-	O
4985	O
for	O
special	O
orders	O

@	O
iamthattgirl	O
Ugh	O
,	O
sorry	O
.	O
This	O
effexor	O
is	O
not	B
making	I
me	I
feel	I
so	I
awesome	I
.	O
Posting	O
Puck's	O
stuff	O
tonight	O
though	O
.	O

@	O
TheEastMovie	O
Thank	O
you	O
so	O
much	O
for	O
getting	O
the	O
message	O
out	O
.	O
.	O
.	O
wish	O
I	O
could	O
see	O
the	O
film	O
but	O
Bayer	O
CRIPPLED	B
ME	O
with	O
Cipro	O
back	O
in	O
2009	O
!	O

@	O
morganlepow	O
it	O
was	O
that	O
vyvanse	O
I	O
was	O
in	O
a	O
good	O
mood	O

Chemoprophylaxis	O
for	O
neisseria	O
dis	O
.	O
:	O
sulphonamide	O
rifampicin	O
ciprofloxacin	O
,	O
treatment	O
:	O
penicillin	O
cephalosporin	O
kalau	O
allergy	O
kat	O
penicilin	O

@	O
Back	O
_	O
datASHup	O
same	O
lol	O
didn't	B
eat	I
a	I
thing	I
,	O
damn	O
vyvanse	O

$	O
eln	O
all	O
that	O
was	O
left	O
was	O
tysabri	O
.	O
Tysabri	O
one	O
piece	O
of	O
biib	O
portfolio	O
.	O
Fall	O
last	O
yr	O
agrmnt	O
to	O
restructure	O

Vyvanse	O
masks	O
me	O
so	O
depressed	B

Risk	O
factors	O
for	O
SUDEP	O
:	O
frequent	O
sz	O
,	O
AED	O
polytherapy	O
,	O
early	O
age	O
sz	O
onset	O
,	O
subtherapeutic	O
levels	O
,	O
male	O
,	O
carbamazepine	O
or	O
lamotrigine	O
use	O
.	O

@	O
Ana	O
_	O
3033	O
fluoxetine	O
give	O
me	O
headaches	B
and	O
makes	O
me	O
yawn	B
24	O
/	O
7	O

@	O
Vixoen	O
Sequel	O
?	O
You	O
mean	O
Seroquel	O
?	O
(	O
I	O
think	O
Sequel	O
is	O
what	O
you	O
take	O
before	O
writing	O
your	O
second	O
book	O
.	O
)	O

Is	O
it	O
objective	O
,	O
that	O
is	O
,	O
does	O
it	O
refer	O
to	O
apples	O
,	O
health	O
and	O
a	O
half	O
hours	O
.	O
I'm	O
not	O
even	O
on	O
any	O
vyvanse	O
!	O
#	O
swag	O

@	O
TheSeatedView	O
@	O
AmyBadkin	O
I	O
agree	O
absolutely	O
.	O
Your	O
gonna	O
be	O
fine	O
amy	O
.	O
Enbrel	O
give	O
me	O
no	O
problems	O
whatsoever	O
.	O
xx	O

@	O
RADxRadio	O
This	O
made	O
me	O
laugh	O
.	O
Trazodone	O
here	O
.	O
Sweet	O
dreams	O
!	O
;	O
)	O

Ready	B
for	I
bed	I
but	I
vyvanse	I
is	I
saying	I
no	I
#	O
forciblynocturnal	B

@	O
sapphire20	O
to	O
it	O
,	O
and	O
now	O
I'm	O
on	O
Humira	O
with	O
just	O
the	O
bloat	B
to	O
battle	O
.	O
Things	O
sometimes	O
get	O
super	O
shitty	O
in	O
every	O
sense	O
.	O
But	O
stay	O
strong	O
xx	O

“	O
@	O
UberFacts	O
:	O
Bananas	O
contain	O
a	O
natural	O
chemical	O
that	O
can	O
make	O
a	O
person	O
happy	O
-	O
The	O
same	O
chemical	O
found	O
in	O
Prozac	O
.	O
”	O
@	O
LadyKimber	O
_	O
11	O

When	O
the	O
depression	B
is	O
coming	O
out	O
caused	O
by	O
this	O
damn	O
levofloxacin	O
:	O
)	O
)	O

I	O
wonder	O
if	O
olanzapine	O
causes	O
restless	B
legs	I
<	O
_	O
<	O

#	O
isth2013	O
metaanalysis	O
of	O
#	O
dabigatran	O
etexilate	O
clearly	O
induces	O
risk	O
of	O
myocardial	O
infarction	O
.	O
.	O
.	O

Lol	O
d	O
song	O
I	O
have	O
in	O
mind	O
,	O
its	O
too	O
different	O
.	O
.	O
Dunno	O
if	O
others	O
will	O
like	O
it	O
.	O
.	O
I	O
dey	O
fear	O
to	O
record	O
am	O
lol	O
.	O
.	O
Nicotine	O
would	O
be	O
on	O
it	O
too	O

WS	O
Waring	O
@	O
acutemedicine	O
After	O
massive	O
olanzapine	O
overdose	O
,	O
serum	O
levels	O
may	O
remain	O
high	O
for	O
over	O
72	O
hours	O
#	O
SAMCoventry	O

@	O
DanCuzns	O
I'm	O
on	O
Pristiq	O
and	O
I'm	O
on	O
the	O
pill	O
too	O
remember	O
.	O
So	O
can't	O
mix	O
with	O
the	O
two	O
.	O

@	O
RipnerCabbit	O
@	O
pacerfox	O
Ugh	O
.	O
My	O
partner	O
was	O
on	O
Paxil	O
for	O
a	O
while	O
.	O
It	O
made	O
him	O
hide	B
in	I
the	I
apartment	I
.	O
:	O
/	O

My	O
medication	O
is	O
making	B
me	I
stupid	I
,	O
brain	O
meds	O
are	O
not	O
ok	O
,	O
fuck	O
u	O
paxil	O

@	O
cloudtoad	O
@	O
MrsYisWhy	O
@	O
bigthink	O
each	O
brain	O
is	O
different	O
.	O
The	O
SSRI	O
I'm	O
on	O
has	O
worked	O
really	O
well	O
.	O
Prozac	O
made	O
me	O
a	O
zombie	B
.	O
#	O
Brains	O

The	O
Men's	O
Warehouse	O
guy	O
needs	O
a	O
throat	O
lozenge	O
.	O

