"Vyvanse	O"	",	O"	"commonly	O"	"known	O"	"as	O"	"OCD	B"	"in	O"	"a	O"	"pill	O"	".	O"

"@	O"	"MTV	O"	"When	O"	"are	O"	"you	O"	"going	O"	"to	O"	"do	O"	"True	O"	"Life	O"	":	O"	"I	O"	"am	O"	"addicted	B"	"to	O"	"Vyvanse	O"	"?	O"

"@	O"	"upasbook	O"	"Great	O"	"read	O"	"as	O"	"always	O"	".	O"	"I	O"	"was	O"	"on	O"	"Cymbalta	O"	"for	O"	"5	O"	"days	O"	".	O"	"Cold	O"	"turkey	O"	"had	O"	"sweats	B"	",	O"	"migraine	B"	",	O"	"tremors	B"	"while	O"	"on	O"	"&	O"	"3	O"	"days	O"	"after	O"	".	O"

"I	O"	"wonder	O"	"if	O"	"seroquel	O"	"/	O"	"then	O"	"/	O"	"food	O"	"still	O"	"equals	O"	"restless	B"	"legs	I"

"Rivaroxaban	O"	"diary	O"	"day	O"	"22	O"	".	O"	"Last	O"	"tablet	O"	"taken	O"	"Tuesday	O"	"18th	O"	",	O"	"4	O"	"days	O"	"ago	O"	".	O"	"Woken	O"	"up	O"	"in	O"	"pain	B"	".	O"	"Bad	O"	"fluid	B"	"retention	I"	"(	O"	"uneven	O"	")	O"	"on	O"	"both	O"	"legs	O"	".	O"

"Every	O"	"since	O"	"I	O"	"stopped	O"	"taking	O"	"that	O"	"Paxil	O"	"I	O"	"haven't	O"	"been	O"	"so	O"	"damn	O"	"emotional	B"	".	O"	".	O"	".	O"	".	O"	".	O"	"I	O"	"think	O"	"!	O"

"Cymbalta	O"	",	O"	"you're	O"	"driving	B"	"me	I"	"insane	I"	".	O"

"#	O"	"TwoThingsThatDontMixWell	O"	"venlafaxine	O"	"and	O"	"alcohol	O"	"-	O"	"you'll	O"	"cry	B"	"and	O"	"throw	B"	"chairs	I"	"at	O"	"your	O"	"mom's	O"	"BBQ	O"	".	O"

"@	O"	"pseudodeviant	O"	"i	O"	"clock	O"	"in	O"	"at	O"	"16	O"	"stone	I"	"(	O"	"added	B"	"1	I"	"stone	I"	"since	O"	"quetiapine	O"	")	O"	"and	O"	"according	O"	"to	O"	"that	O"	"BMI	O"	"thing	O"	"I'm	O"	"obese	O"	",	O"	"which	O"	"I'm	O"	"clearly	O"	"not	O"	".	O"

"I	I"	"really	O"	"hate	O"	"the	O"	"fact	O"	"that	O"	"I	I"	"feel	B"	"like	I"	"I	I"	"need	I"	"to	I"	"throw	I"	"up	I"	"while	O"	"at	O"	"work	O"	".	O"	"Maybe	O"	"taking	O"	"my	O"	"vyvanse	O"	"wasn't	O"	"a	O"	"good	O"	"idea	O"

"@	O"	"sapphire20	O"	"to	O"	"it	O"	",	O"	"and	O"	"now	O"	"I'm	O"	"on	O"	"Humira	O"	"with	O"	"just	O"	"the	O"	"bloat	B"	"to	O"	"battle	O"	".	O"	"Things	O"	"sometimes	O"	"get	O"	"super	O"	"shitty	O"	"in	O"	"every	O"	"sense	O"	".	O"	"But	O"	"stay	O"	"strong	O"	"xx	O"

"Officially	O"	"addicted	B"	"to	O"	"nicotine	O"

"Levaquin	O"	"sucks	O"	".	O"	"Blinding	O"	"headaches	B"	".	O"	"Vomiting	B"	".	O"	"Diarrhea	B"	".	O"	"	O"	"	O"	"Time	O"	"for	O"	"my	O"	"next	O"	"dose	O"	".	O"	"	O"	"	O"	"Happy	O"	"weekend	O"	".	O"	"	O"	"	O"	"#	O"	"tmi	O"	"#	O"	"FML	O"

"@	O"	"sarahchoueiry	O"	"@	O"	"crohns	O"	"_	O"	"twins	O"	"i	O"	"also	O"	"have	O"	"nuasea	B"	"and	O"	"low	B"	"grade	I"	"temp	I"	"and	O"	"on	O"	"#	O"	"humira	O"	"should	O"	"i	O"	"go	O"	"check	O"	"it	O"	"out	O"	"?	O"	"?	O"

"Nicotine	O"	"withdrawals	B"	"#	O"	"2DaysDown	O"	"#	O"	"ForeverToGo	O"	"#	O"	"headache	B"	"#	O"	"irritable	B"	"#	O"	"toomanyhashtags	O"	"#	O"	"makeitstop	O"

"@	O"	"Joanne	O"	"_	O"	"_	O"	"Howe	O"	"I'm	O"	"good	O"	"been	O"	"on	O"	"25mg	O"	"MTX	O"	"for	O"	"years	O"	"then	O"	"switched	O"	"to	O"	"leflunomide	B"	"back	O"	"MTX	O"	"the	O"	"other	O"	"caused	O"	"tummy	B"	"trouble	I"	".	O"	"Why	O"	"r	O"	"u	O"	"off	O"	"Enbrel	O"

"@	O"	"ShipMom	O"	"Cipro	O"	"is	O"	"awful	O"	"makes	O"	"me	O"	"sick	B"	"as	O"	"a	O"	"dog	O"	"too	O"

"@	O"	"DrOz	O"	"i	O"	"take	O"	"Trazodone	O"	"for	O"	"my	O"	"#	O"	"insomina	B"	"&	O"	"still	O"	"have	O"	"a	O"	"hard	O"	"time	O"	"falling	O"	"asleep	O"	"or	O"	"I	O"	"end	O"	"up	O"	"having	O"	"crazy	B"	"dreams	I"	"that	O"	"wake	O"	"me	O"	"up	O"	"!	O"	"?	O"	"!	O"	"#	O"	"OzSleep	O"

"although	O"	"taking	O"	"it	O"	"now	O"	"would	O"	"run	O"	"counter	O"	"to	O"	"my	O"	"current	O"	"food	O"	"+	O"	"seroquel	O"	"=	O"	"RLS	B"	"philosophy	O"

"SO	O"	"GLAD	O"	"to	O"	"have	O"	"just	O"	"finished	O"	"a	O"	"course	O"	"of	O"	"cipro	O"	"!	O"	"Fingers	O"	"crossed	O"	"I	O"	"can	O"	"stay	O"	"off	O"	"of	O"	"nausea	B"	"inducing	O"	"meds	O"	"for	O"	"the	O"	"next	O"	"little	O"	"while	O"	".	O"	".	O"	".	O"

"I	O"	"can	O"	"feel	O"	"my	O"	"heart	O"	"starting	O"	"to	O"	"palpitate	B"	"from	O"	"vyvanse	O"	",	O"	"red	O"	"bull	O"	",	O"	"and	O"	"nicotine	O"	".	O"	"That's	O"	"probably	O"	"par	O"	"for	O"	"the	O"	"course	O"	"for	O"	"finals	O"	"week	O"	",	O"	"right	O"	"?	O"

"Day	O"	"3	O"	"without	O"	"#	O"	"venlafaxine	O"	".	O"	"Worst	O"	"drug	O"	"ever	O"	"to	O"	"withdraw	B"	"from	O"	"?	O"	"Any	O"	"support	O"	"much	O"	"appreciated	O"	"!	O"

"@	O"	"Marcello	O"	"I	O"	"had	O"	"to	O"	"take	O"	"Paroxetine	O"	"tablets	O"	"for	O"	"a	O"	"year	O"	"nd	O"	"a	O"	"side	O"	"effect	O"	"is	O"	"weight	B"	"gain	I"	",	O"	"it	O"	"went	O"	"to	O"	"my	O"	"core	O"	".	O"	"Off	O"	"them	O"	"now	O"	"bt	O"	"can't	O"	"shift	O"	"it	O"	"!	O"

"@	O"	"HospitalPatient	O"	"have	O"	"been	O"	"on	O"	"Humira	O"	"2years	O"	"now	O"	"n	O"	"get	O"	"on	O"	"off	O"	"chest	B"	"infections	I"	"that	O"	"sometimes	O"	"need	O"	"2diff	O"	"pills	O"	"2sort	O"	"out	O"	"should	O"	"I	O"	"b	O"	"worried	O"	"?	O"

"I	O"	"think	O"	"this	O"	"Olanzapine	O"	"makes	O"	"me	O"	"crazier	B"	".	O"

"@	O"	"NickysAngelBaby	O"	"Oy	O"	".	O"	".	O"	"I'm	O"	"allergic	B"	"to	O"	"Paxil	O"	".	O"	"Makes	O"	"me	O"	"physically	O"	"puke	B"	"didn't	O"	"understand	O"	"why	O"	".	O"	"I	O"	"see	O"	"a	O"	"Psych	O"	".	O"	"I'm	O"	"on	O"	"100mg	O"	"of	O"	"Zoloft	O"	".	O"

"@	O"	"LithiumLibGirl	O"	"I'm	O"	"sure	O"	"it	O"	"helps	O"	"that	O"	"you	O"	"are	O"	"so	O"	"active	O"	".	O"	"I	O"	"did	O"	"eventually	O"	"lose	O"	"my	O"	"olanzapine	B"	"lbs	I"	",	O"	"so	O"	"there	O"	"is	O"	"hope	O"	".	O"	":	O"	")	O"

"popped	O"	"a	O"	"Fluoxetine	O"	"im	O"	"sweating	B"

"@	O"	"ybnormal622	O"	"I	O"	"am	O"	"on	O"	"only	O"	"25mg	O"	"lamictal	O"	"but	O"	"it	O"	"makes	O"	"me	O"	"anxious	B"	"and	O"	"insomniac	B"	"so	O"	"I	O"	"skip	O"	"sometimes	O"	"and	O"	"get	O"	"depressed	B"	".	O"

"SO	O"	"IT	O"	"FUCKING	O"	"TURNS	O"	"OUT	O"	"THAT	O"	"A	O"	"SIDE	O"	"EFFECT	O"	"OF	I"	"EFFEXOR	O"	"IS	O"	"A	O"	"LOSS	B"	"OF	I"	"APPETITE	I"

"All	B"	"nighter	I"	"is	O"	"killing	O"	"me	O"	"right	O"	"now	O"	",	O"	"I	O"	"hate	O"	"you	O"	"vyvanse	O"

"@	O"	"Nichole	O"	"_	O"	"Lindsey	O"	"I've	O"	"had	O"	"Cipro	O"	"before	O"	".	O"	"Luckily	O"	"for	O"	"me	O"	",	O"	"the	O"	"only	O"	"side	O"	"fx	O"	"I	O"	"tend	O"	"to	O"	"get	O"	"from	O"	"AB	O"	"is	O"	"gastic	B"	"upset	I"	".	O"	"But	O"	"I	O"	"RARELY	O"	"use	O"	"AB	O"	".	O"

"02	O"	".	O"	"03	O"	"Rivaroxaban	O"	"diary	O"	"day	O"	"20	O"	".	O"	"Some	O"	"neck	B"	"pain	I"	"and	O"	"legs	B"	"still	I"	"weak	I"	",	O"	"but	O"	"feeling	O"	"much	O"	"better	O"	".	O"	"Very	O"	"warm	O"	"night	O"	".	O"

"#	O"	"lamotrigine	O"	"headaches	B"	"suck	O"	":	O"	"(	O"	"i	O"	"wanna	O"	"curl	O"	"up	O"	"&	O"	"cry	O"	".	O"

"This	O"	"higher	O"	"dose	O"	"of	O"	"#	O"	"cymbalta	O"	"is	O"	"making	O"	"me	O"	"extremely	O"	"tired	B"	"and	O"	"anxious	B"	".	O"	"Is	O"	"this	O"	"normal	O"	"?	O"

"Why	O"	"must	O"	"I	O"	"be	O"	"so	O"	"tired	B"	".	O"	"This	O"	"spell	O"	"better	O"	"just	O"	"be	O"	"new	O"	"med	O"	"beginnings	O"	"&	O"	"go	O"	"away	O"	"!	O"	"#	O"	"tysabri	O"

"@	O"	"SamAmbreen	O"	"doesn't	O"	"work	O"	".	O"	"Citilopram	O"	"then	O"	"fluoxetine	O"	"before	O"	",	O"	"bothe	O"	"did	O"	"nothing	O"	"for	O"	"my	O"	"mood	B"	"but	O"	"made	O"	"me	O"	"vomit	B"	"so	O"	"much	O"	"I	O"	"lost	B"	"4	I"	"stone	I"	"in	O"	"6mo	O"	".	O"

"Anyone	O"	"who	O"	"will	O"	"listen	O"	":	O"	"never	O"	"ever	O"	"take	O"	"Effexor	O"	"/	O"	"Venlafaxine	O"	".	O"	"Paraesthesia	B"	"abound	O"	".	O"

"I	O"	"don't	O"	"know	O"	"if	O"	"vyvanse	O"	"was	O"	"a	O"	"good	O"	"idea	O"	"#	O"	"nosleep	B"

"RP	O"	"McMurphy	O"	"was	O"	"right	O"	"about	O"	"the	O"	"trazodone	O"	"being	O"	"my	O"	"new	O"	"favorite	O"	"bed	O"	"-	O"	"buddy	O"	".	O"	"RIP	O"	",	O"	"melatonin	B"	"dreams	B"	".	O"	"You	O"	"were	O"	"getting	O"	"too	O"	"weird	O"	"-	O"	"even	O"	"for	O"	"me	O"	".	O"

"@	O"	"whiskey	O"	"_	O"	"girl33	O"	"oh	O"	"yuck	O"	".	O"	"We	O"	"all	O"	"have	O"	"our	O"	"least	O"	"favorite	O"	"body	O"	"fluid	O"	".	O"	"Mine	O"	"is	O"	"aerosolized	O"	"blood	O"	".	O"	"Nosebleed	B"	"on	O"	"Xarelto	O"	"-	O"	"eeeew	O"

"@	O"	"cheer	O"	"_	O"	"bear13	O"	"quetiapine	O"	"knocked	B"	"me	I"	"sidewards	I"	"for	O"	"a	O"	"week	O"	"then	O"	"I	O"	"suddenly	O"	"woke	O"	"up	O"	"activated	O"	".	O"	"Then	O"	"relapsed	O"	",	O"	"upped	O"	"dose	O"	",	O"	"activated	O"	"&	O"	"so	O"	"on	O"

"@	O"	"_	O"	"chanabeth	O"	"_	O"	"@	O"	"laceyKayBee	O"	"I	O"	"didn't	O"	"stay	O"	"long	O"	".	O"	"And	O"	"I	O"	"took	O"	"a	O"	"vyvanse	O"	"so	O"	"I	O"	"can't	B"	"go	I"	"back	I"	"to	I"	"sleep	I"	".	O"	"Lol	O"

"Do	O"	"you	O"	"know	O"	"how	O"	"badly	O"	"I	O"	"want	O"	"a	O"	"cigarette	O"	"right	O"	"now	O"	"?	O"	"But	O"	"no	O"	".	O"	"I	O"	"manfully	O"	"suffer	O"	"through	O"	"nicotine	O"	"withdrawal—all	O"	"for	O"	"you	O"	"#	O"	"sacrifice	O"

"one	O"	"of	O"	"the	O"	"things	O"	"i	O"	"hate	O"	"most	O"	"about	O"	"quetiapine	O"	"is	O"	"when	O"	"i	O"	"take	O"	"it	O"	"for	O"	"the	O"	"first	O"	"few	O"	"hours	O"	"i	O"	"slur	B"	"my	O"	"words	O"	",	O"	"so	O"	"people	O"	"assume	O"	"i'm	O"	"merely	O"	"drunk	O"	".	O"

"@	O"	"Butterflywgs	O"	".	O"	".	O"	".	O"	"my	O"	"old	O"	"ones	O"	"!	O"	"Plus	O"	"caffeine	O"	"in	O"	"the	O"	"morning	O"	"counteracts	O"	"these	O"	"quite	O"	"nicely	O"	"whereas	O"	"quetiapine	O"	"hangovers	B"	"were	O"	"unshiftable	O"

"do	O"	"i	O"	"come	O"	"off	O"	"my	O"	"medication	O"	"or	O"	"do	O"	"i	O"	"just	O"	"continue	O"	"to	O"	"be	O"	"a	O"	"prozac	O"	"zombie	B"

"@	O"	"hello	O"	"_	O"	"nacho	O"	"@	O"	"tobiasampersand	O"	"Lexapro	B"	"gave	O"	"me	O"	"the	O"	"worst	O"	"mixed	B"	"episodes	I"	".	O"	"I	O"	"have	O"	"some	O"	"instability	B"	"with	O"	"Pristiq	O"	"but	O"	"I	O"	"can	O"	"manage	O"	"it	O"	"ok	O"	".	O"

"@	O"	"calyxxx	O"	"same	O"	"with	O"	"venlafaxine	O"	",	O"	"1	O"	"user	O"	"I	O"	"spoke	O"	"to	O"	"yrs	O"	"ago	O"	"stopped	O"	"taking	O"	"that	O"	"when	O"	"she	O"	"started	O"	"having	O"	"acid	B"	"like	I"	"trips	I"	"losing	O"	"hours	O"	"at	O"	"a	O"	"time	O"

"@	O"	"sleazeballz	O"	"@	O"	"Kanako	O"	"_	O"	"UkFur	O"	"was	O"	"on	O"	"Lamotrigine	O"	"for	O"	"about	O"	"5	O"	"months	O"	",	O"	"got	O"	"taken	O"	"off	O"	"them	O"	"due	O"	"to	O"	"a	O"	"rash	B"	"on	O"	"my	O"	"elbow	O"	":	O"	"/	O"	"now	O"	"i	O"	"feel	O"	"more	O"	"meh	O"

"@	O"	"HarryDFish	O"	"@	O"	"deltrimental	O"	"Joe	O"	"is	O"	"on	O"	"Pristiq	O"	"and	O"	"he	O"	"gets	O"	"weird	O"	"brain	B"	"zap	I"	"/	O"	"twitch	B"	"things	O"	"too	O"	".	O"

"@	O"	"CandidlyKelly	O"	"some	O"	"day	O"	"I	O"	"should	O"	"try	O"	"fluoxetine	O"	"again	O"	".	O"	"it	O"	"made	O"	"me	O"	"all	O"	"suicidal	B"	"the	O"	"first	O"	"time	O"	",	O"	"but	O"	"I	O"	"was	O"	"18	O"

"That	O"	"seroquel	O"	"had	O"	"me	O"	"sleepy	B"	"as	O"	"fuck	O"	"alllll	O"	"damn	O"	"day	O"

"@	O"	"Jonny	O"	"_	O"	"Wags	O"	"@	O"	"Hey	O"	"_	O"	"Jeffrey	O"	"Realtalk	O"	":	O"	"until	O"	"I	O"	"started	O"	"taking	O"	"Wellbutrin	O"	",	O"	"Effexor	O"	"robbed	O"	"me	O"	"of	O"	"the	O"	"ability	B"	"to	I"	"cum	I"

"Got	O"	"offered	O"	"a	O"	"seat	O"	"on	O"	"the	O"	"tube	O"	"this	O"	"morning	O"	".	O"	"Quetiapine	O"	",	O"	"like	O"	"pregnancy	O"	",	O"	"but	O"	"hungrier	B"	".	O"	"#	O"	"bipolarlifestylechoice	O"

"@	O"	"hwise29	O"	"Yikes	O"	"!	O"	"I	O"	"can	O"	"usually	O"	"fight	O"	"Adderall	O"	"/	O"	"Vyvanse	O"	"dehydration	B"	"with	O"	"water	O"	",	O"	"but	O"	"it's	O"	"trickier	O"	"when	O"	"you're	O"	"drinking	O"	"your	O"	"stimulants	O"	".	O"

"Venlafaxine	O"	"hangover	B"	"finally	O"	"starting	O"	"to	O"	"shift	O"	"after	O"	"2	O"	"huge	O"	"mugs	O"	"of	O"	"hot	O"	"water	O"	"with	O"	"giant	O"	"pieces	O"	"of	O"	"lemon	O"	".	O"	".	O"	".	O"

"@	O"	"BipolarBlogger	O"	"yeah	O"	",	O"	"generic	O"	"Venlafaxine	O"	"has	O"	"about	O"	"four	O"	"different	O"	"slow	O"	"release	O"	"formulations	O"	",	O"	"I	O"	"got	O"	"withdrawals	B"	"from	O"	"some	O"	".	O"

"Anyway	O"	",	O"	"I	O"	"was	I"	"just	O"	"feeling	O"	"itchy	B"	"and	O"	"my	O"	"neck	B"	"was	I"	"red	I"	"so	O"	"they	O"	"gave	O"	"me	O"	"benedryl	O"	"with	O"	"my	O"	"#	O"	"tysabri	O"	".	O"	"Might	O"	"be	O"	"a	O"	"coincidence	O"	"but	O"	"just	O"	"in	O"	"case	O"

"@	O"	"zmiller1902	O"	"Sometimes	O"	"my	O"	"Humira	O"	"pens	O"	"make	O"	"me	O"	"feel	O"	"like	O"	"I'm	O"	"90	O"	"years	O"	"old	O"	"due	O"	"to	O"	"the	O"	"joint	B"	"pain	I"	"everywhere	O"	".	O"

"That	O"	"Seroquel	O"	"has	O"	"been	O"	"given	O"	"me	O"	"some	O"	"seriously	O"	"fucked	B"	"up	I"	"dreams	I"	".	O"

"@	O"	"DrDrewHLN	O"	"@	O"	"drdrew	O"	"#	O"	"Zimmerman	O"	"was	O"	"removed	O"	"from	O"	"Vyvanse	O"	"for	O"	"mood	B"	"swings	I"	"before	O"	"he	O"	"was	O"	"put	O"	"on	O"	"Adderall	O"	"See	O"	"Med	O"	"report	O"	":	O"	"pic	O"	".	O"	"twitter	O"	".	O"	"com	O"	"/	O"	"g5dXRJKPr5	O"

"Well	O"	",	O"	"yesterday	O"	"was	O"	"rubbish	O"	"(	O"	"post	O"	"humira	O"	")	O"	"all	O"	"day	O"	"in	O"	"bed	O"	",	O"	"loads	O"	"of	O"	"pain	B"	"etc	O"	".	O"	"Just	O"	"got	O"	"up	O"	"and	O"	"I	O"	"think	O"	"I'm	O"	"alright	O"	"?	O"	"Give	O"	"it	O"	"an	O"	"hour	O"	"and	O"	"reassess	O"	"lol	O"

"@	O"	"LilythePurr	O"	"I've	O"	"had	O"	"too	O"	"much	O"	"quetiapine	O"	"today	O"	"-	O"	"I'm	O"	"zombified	B"	".	O"

"@	O"	"jelizap	O"	"Tried	O"	"lithium	O"	"&	O"	"depakote	O"	"been	O"	"reading	O"	"up	O"	"on	O"	"Lamotrigine	O"	"it	O"	"was	O"	"suggested	O"	"but	O"	"had	O"	"such	O"	"nightmare	B"	"with	O"	"Quetiapine	O"	"was	O"	"scared	O"	"to	O"	"try	O"

"The	O"	"cymbalta	O"	"certainly	O"	"is	O"	"addictive	B"	"&	O"	"its	O"	"FDA	O"	"approved	O"	".	O"	".	O"	".	O"

"@	O"	"Glinda	O"	"_	O"	"R	O"	"@	O"	"SpooniesCouch	O"	"Cymbalta	O"	"withdrawal	B"	"is	O"	"getting	O"	"top	O"	"billing	O"	"at	O"	"the	O"	"moment	O"	",	O"	"however	O"	".	O"	"Ugh	O"	"!	O"	"xx	O"

"Fucking	O"	"Effexor	O"	"withdrawals	B"	".	O"	"I	O"	"would	O"	"shake	O"	"my	O"	"fist	O"	"but	O"	"I	O"	"don't	B"	"have	I"	"the	I"	"energy	I"	".	O"

"Vyvanse	O"	",	O"	"commonly	O"	"known	O"	"as	O"	"OCD	B"	"in	O"	"a	O"	"pill	O"	".	O"

"@	O"	"crohns	O"	"_	O"	"twins	O"	"that	O"	"sucks	O"	".	O"	"Humira	O"	"made	O"	"me	O"	"so	O"	"sick	B"	".	O"	"Remicade	B"	"helped	O"	"a	O"	"but	O"	",	O"	"but	O"	"then	O"	"seizures	B"	"put	O"	"that	O"	"out	O"	".	O"	"Now	O"	"waiting	O"	",	O"	"just	O"	"prednisone	O"	"now	O"	".	O"

"02	O"	".	O"	"20	O"	"Day	O"	"19	O"	"Rivaroxaban	O"	"Diary	O"	"woken	O"	"up	O"	"with	O"	"pains	B"	"in	I"	"head	I"	",	O"	"neck	B"	",	O"	"back	B"	",	O"	"hip	B"	"and	O"	"legs	B"	".	O"	"Seeing	O"	"Doc	O"	"in	I"	"7	O"	"hours	O"	".	O"	"No	O"	"way	O"	"am	O"	"I	O"	"continuin	O"	"with	O"	"Rvxn	O"

"I	O"	"have	O"	"got	O"	"to	O"	"stop	O"	"taking	O"	"my	O"	"Vyvanse	O"	"so	O"	"late	O"	"!	O"	"!	O"	"#	O"	"nosleep	B"	"#	O"	"addproblems	O"

"Magically	O"	"my	O"	"appetite	B"	"has	O"	"gone	O"	"back	O"	"to	O"	"normal	O"	"since	O"	"going	O"	"off	O"	"seroquel	O"	"!	O"	"Well	O"	",	O"	"well	O"	",	O"	"well	O"	"-	O"	"I	O"	"was	O"	"right	O"	",	O"	"the	O"	"doctor	O"	"was	O"	"wrong	O"	".	O"

"I	O"	"might	O"	"have	O"	"gained	B"	"30	I"	"lbs	I"	"in	O"	"6	O"	"weeks	O"	"on	O"	"Zyprexa	O"	".	O"	".	O"	".	O"	"Haven't	O"	"lost	O"	"that	O"	"weight	O"	"yet	O"	",	O"	"and	O"	"it's	O"	"been	O"	"12	O"	"years	O"	"now	O"	".	O"	"Call	O"	"doc	O"	"if	O"	"it	O"	"happens	O"	"to	O"	"you	O"	".	O"

"Effexor	O"	"XR	O"	"side	O"	"effects	O"	":	O"	"	O"	"-	O"	"sucidal	B"	"thoughts	O"	"-	O"	"insomnia	O"	"-	O"	"feeling	B"	"high	I"	"&	O"	"unresponsible	B"	".	O"	"-	O"	"Dry	B"	"mouth	I"	".	O"

"Ok	O"	"I've	O"	"got	O"	"a	O"	"med	O"	"?	O"	"Anyone	O"	"ever	O"	"tried	O"	"cymbalta	O"	"?	O"	"?	O"	"My	O"	"doc	O"	"put	O"	"me	O"	"on	O"	"it	O"	"but	O"	"I	O"	"slept	B"	"10	I"	"hrs	I"	"straight	O"	"!	O"	"!	O"

"Had	O"	"a	O"	"dream	B"	"my	O"	"eyes	O"	"got	O"	"burned	O"	"out	O"	"of	O"	"my	O"	"head	O"	".	O"	"Thank	O"	"you	O"	"trazodone	O"

"Damn	O"	"i	O"	"need	B"	"to	I"	"sleep	I"	",	O"	"fucken	O"	"vyvanse	O"

"Starting	O"	"Humira	O"	"tomorrow	O"	".	O"	":	O"	")	O"	"I	O"	"wonder	O"	"if	O"	"it	O"	"will	O"	"make	O"	"me	O"	"tired	B"	"for	O"	"a	O"	"day	O"	"or	O"	"so	O"	"like	O"	"Remicade	B"	"did	O"	".	O"	"If	O"	"it	O"	"works	O"	",	O"	"it's	O"	"worth	O"	"it	O"	".	O"

"I	O"	"have	O"	"put	B"	"on	I"	"weight	I"	"(	O"	"thanks	O"	"MS	B"	"and	O"	"#	O"	"Tysabri	O"	")	O"	".	O"	"Always	O"	"look	O"	"on	I"	"the	O"	"bright	O"	"side	O"	":	O"	"time	O"	"for	O"	"a	O"	"@	O"	"thinkgeek	O"	"t	O"	"-	O"	"shirt	O"	"spree	O"	"!	O"	"#	O"	"winning	O"

"This	O"	"cipro	O"	"is	O"	"totally	O"	"killing	B"	"my	I"	"tummy	I"	".	O"	".	O"	"hiks	O"	".	O"	".	O"

"@	O"	"DeanMikel	O"	"I'm	O"	"not	O"	"lazy	O"	"!	O"	"!	O"	"My	O"	"seroquel	O"	"knocked	B"	"me	I"	"out	I"	"!	O"	"!	O"

"@	O"	"Milynda	O"	"lamictal	O"	"makes	O"	"you	O"	"sleepy	B"	"at	O"	"night	O"	",	O"	"but	O"	"I	O"	"take	O"	"it	O"	"around	O"	"10	O"	"or	O"	"so	O"	".	O"	"Once	O"	"you	O"	"get	O"	"in	O"	"the	O"	"system	O"	",	O"	"you	O"	"start	O"	"falling	O"	"asleep	O"	"normally	O"	".	O"

"@	O"	"ayegraybay	O"	"I	O"	"knowwishful	O"	"thinking	O"	".	O"	"My	O"	"Humira	O"	"shot	O"	"doesn't	B"	"even	I"	"work	I"	"for	I"	"me	I"	"anymore	I"	"and	O"	"when	O"	"it	O"	"does	O"	"I	O"	"get	O"	"so	O"	"sick	B"	".	O"

"Results	O"	"of	O"	"accidentally	O"	"taking	O"	"100	O"	"mg	O"	"of	O"	"vyvanse	O"	"last	O"	"night	O"	":	O"	"I	O"	"took	O"	"it	O"	"at	O"	"11	O"	":	O"	"00am	O"	"and	O"	"was	O"	"wide	B"	"awake	I"	"until	O"	"3	O"	":	O"	"30	O"	"this	O"	"morning	O"	".	O"	".	O"

"I'm	O"	"feeling	O"	"extra	O"	"OCD	B"	"right	O"	"now	O"	".	O"	"Like	O"	"chill	O"	"out	O"	"Melissa	O"	".	O"	"My	O"	"vyvanse	O"	"has	O"	"me	O"	"wired	B"	"or	O"	"something	O"	".	O"	".	O"	".	O"	".	O"

"Act	O"	"now	O"	"and	O"	"get	O"	"our	O"	"deluxe	O"	"CYDE	O"	"-	O"	"FX	O"	"set	O"	"ABSOLUTELY	O"	"FREE	O"	"!	O"	"Experience	O"	"lucid	B"	"dreaming	I"	"and	O"	"sleep	B"	"paralysis	I"	"like	O"	"never	O"	"before	O"	"!	O"	"#	O"	"Quetiapine	O"

"@	O"	"Chavielle	O"	"i	O"	"has	O"	"beta	O"	"blockers	O"	"now	O"	",	O"	"apparently	O"	"the	O"	"fluoxetine	O"	"can	O"	"cause	O"	"panic	B"	"attacks	I"	"^	O"	"_	O"	"^	O"

"@	O"	"Glass1ncision	O"	"It's	O"	"called	O"	"Seroquel	O"	"Prolong	O"	"(	O"	"Quetiapine	O"	")	O"	".	O"	"Apart	O"	"from	O"	"the	O"	"weight	B"	"gain	I"	",	O"	"I	O"	"am	O"	"actually	O"	"quite	O"	"happy	O"	"with	O"	"it	O"	".	O"

"Tysabri	O"	"bruises	B"	"are	O"	"the	O"	"bestpic	O"	".	O"	"twitter	O"	".	O"	"com	O"	"/	O"	"L1gpZeFu5f	O"

"@	O"	"iamthattgirl	O"	"Ugh	O"	",	O"	"sorry	O"	".	O"	"This	O"	"effexor	O"	"is	O"	"not	B"	"making	I"	"me	I"	"feel	I"	"so	I"	"awesome	I"	".	O"	"Posting	O"	"Puck's	O"	"stuff	O"	"tonight	O"	"though	O"	".	O"

"@	O"	"skernandez	O"	"because	O"	"I	O"	"realized	O"	"Vyvanse	O"	"after	O"	"a	O"	"certain	O"	"time	O"	"of	O"	"taking	O"	"it	O"	"increased	O"	"my	O"	"anxiety	B"	"and	O"	"made	O"	"me	O"	"more	O"	"irrational	B"	".	O"

"This	O"	"vyvanse	O"	"is	O"	"keeping	B"	"me	I"	"up	I"	"tho	O"	"but	O"	"I	O"	"want	O"	"to	O"	"sleep	O"

"Ready	B"	"for	I"	"bed	I"	"but	I"	"vyvanse	I"	"is	I"	"saying	I"	"no	I"	"#	O"	"forciblynocturnal	B"

"I	O"	"reckon	O"	"I	O"	"have	O"	"drug	O"	"-	O"	"induced	O"	"oedema	B"	"causing	O"	"musculo	B"	"-	O"	"skeletal	I"	"pain	I"	".	O"	"Likely	O"	"drug	O"	"combination	O"	":	O"	"Rivaroxaban	O"	",	O"	"Losartan	O"	",	O"	"and	O"	"Simvastatin	O"	".	O"

"I	O"	"hate	O"	"forgetting	O"	"to	O"	"take	O"	"my	O"	"cymbalta	O"	".	O"	"It	O"	"makes	O"	"you	O"	"feel	B"	"sooooooo	I"	"weird	I"	".	O"

"I	O"	"think	O"	"my	O"	"tablets	O"	"have	O"	"made	O"	"me	O"	"gain	B"	"weight	I"	".	O"	"Anyone	O"	"on	O"	"fluoxetine	O"	"/	O"	"prozac	O"	"?	O"	"#	O"	"replytweet	O"

"@	O"	"Shellyfanelly	O"	"I	O"	"was	O"	"on	O"	"#	O"	"azathioprine	O"	"for	O"	"about	I"	"8	O"	"years	O"	",	O"	"it	O"	"worked	O"	"well	O"	",	O"	"now	O"	"on	O"	"#	O"	"Humira	O"	"instead	O"	"though	O"	"which	O"	"is	O"	"knocking	B"	"me	I"	"about	I"

"@	O"	"elladeruiter	O"	"oh	O"	"I	O"	"hate	O"	"that	O"	"!	O"	"I	O"	"used	O"	"to	O"	"be	O"	"on	O"	"citalopram	B"	",	O"	"it	O"	"stopped	B"	"working	I"	"eventually	O"	".	O"	"sometimes	O"	"I	O"	"have	O"	"to	O"	"up	O"	"my	O"	"effexor	O"	"dose	O"	"temporarily	O"	".	O"

"@	O"	"remiamaka	O"	"It	O"	"wasn't	O"	"an	O"	"easy	O"	"victory	O"	"though	O"	".	O"	"Felt	B"	"like	I"	"chemo	I"	"with	O"	"the	O"	"Cipro	O"	".	O"	"As	O"	"for	O"	"the	O"	"heart	O"	",	O"	"i	O"	"meant	O"	"for	O"	"study	O"	"purposes	O"	".	O"

"Do	O"	"the	O"	"people	O"	"that	O"	"make	O"	"the	O"	"Blu	O"	"e	O"	"-	O"	"cig	O"	"not	O"	"fucking	O"	"understand	O"	"what	O"	"addiction	B"	"to	O"	"nicotine	O"	"is	O"	"?	O"	"!	O"	"WHERE	O"	"IS	O"	"IT	O"	"ALREADY	O"

"No	B"	"taste	I"	"for	O"	"you	O"	"-	O"	"vyvanse	O"

"My	O"	"vyvanse	O"	"is	O"	"seriously	O"	"about	O"	"to	O"	"drive	B"	"me	I"	"crazy	I"

"@	O"	"MerePrototype	O"	"Probably	O"	"the	O"	"combination	O"	"with	O"	"my	O"	"fluoxetine	O"	".	O"	"But	O"	"I	O"	"can't	O"	"move	O"	"that	O"	"to	O"	"night	O"	"time	O"	",	O"	"it	O"	"makes	O"	"me	O"	"have	O"	"bad	B"	"dreams	I"	".	O"

"21	O"	".	O"	"36	O"	"day	O"	"9	O"	"Rivaroxaban	O"	"diary	O"	".	O"	"Particularly	O"	"bad	O"	"lower	O"	"back	B"	"ache	I"	"had	O"	"not	O"	"eased	O"	"by	O"	"14	O"	".	O"	"00	O"	"so	O"	"went	O"	"to	O"	"bed	O"	".	O"	"Much	O"	"better	O"	"when	O"	"I	O"	"woke	O"	"at	O"	"19	O"	".	O"	"00	O"	".	O"

"@	O"	"drdrew	O"	"I	O"	"recently	O"	"stopped	O"	"taking	O"	"effexor	O"	"225	O"	"what	O"	"can	O"	"i	O"	"do	O"	"to	O"	"ease	O"	"my	O"	"withdrawls	B"	"?	O"	"I	O"	"feel	O"	"miserable	B"	"right	O"	"now	O"	"and	O"	"very	O"	"angry	B"	".	O"	"Please	O"	"any	O"	"ideas	O"

"Going	O"	"off	O"	"Paxil	O"	"CR	O"	"cold	O"	"turkey	O"	"is	O"	"something	O"	"you	O"	"should	O"	"never	O"	"ever	O"	"do	O"	"if	O"	"you	O"	"value	B"	"your	I"	"brain	I"	"cells	I"	".	O"

"@	O"	"nikkimarieeeee	O"	"lucky	O"	"bitch	O"	"i	O"	"took	O"	"vyvanse	O"	"today	O"	"as	O"	"it	O"	"makes	O"	"me	O"	"not	B"	"eat	I"	"i	O"	"just	O"	"wanna	O"	"be	O"	"able	O"	"to	O"	"wanna	O"	"eat	I"	"ugh	O"

"I	O"	"guess	O"	"this	O"	"is	O"	"what	O"	"I	O"	"get	O"	"for	O"	"doubling	O"	"my	O"	"vyvanse	O"	"#	O"	"nosleep	B"

"@	O"	"Glinda	O"	"_	O"	"R	O"	"@	O"	"SpooniesCouch	O"	"Cymbalta	O"	"withdrawal	B"	"is	O"	"getting	O"	"top	O"	"billing	O"	"at	O"	"the	O"	"moment	O"	",	O"	"however	O"	".	O"	"Ugh	O"	"!	O"	"xx	O"

"@	O"	"JessBarrett227	O"	"Taking	O"	"someone	O"	"off	O"	"150mg	O"	"off	O"	"Seroquel	O"	",	O"	"mixing	O"	"it	O"	"with	O"	"Olanzapine	O"	"in	O"	"2	O"	"wks	O"	"causes	O"	"psychosis	B"	"-	O"	"a	O"	"proper	O"	"assess	O"	"was	O"	"not	O"	"done	O"	".	O"

"@	O"	"HendryHannah	O"	"I	O"	"tried	O"	"fluoxetine	O"	".	O"	"It	O"	"knocked	B"	"me	I"	"out	I"	".	O"

"This	O"	"quetiapine	O"	"isn't	O"	"working	O"	"damnit	O"	"!	O"	"!	O"	"!	O"	"!	O"	"Does	O"	"make	O"	"me	O"	"hungry	B"	"at	O"	"night	O"	"though	O"	".	O"	".	O"	".	O"	"*	O"	"sigh	O"	"*	O"

"Zoloft	O"	"was	O"	"just	O"	"as	O"	"bad	O"	"as	O"	"Effexor	O"	".	O"	"It	O"	"made	O"	"me	O"	"more	O"	"depressed	B"	"and	O"	"more	O"	"suicidal	B"	".	O"	"I	O"	"don't	O"	"want	O"	"it	O"	".	O"

"@	O"	"RogerBezanis	O"	":	O"	"Any	O"	"ideas	O"	"on	O"	"treating	O"	"depression	B"	"naturally	O"	"Paxil	O"	"is	O"	"making	O"	"me	O"	"gain	B"	"unwanted	I"	"pounds	I"	"and	O"	"water	B"	"weight	I"	".	O"	".	O"	".	O"	"Thanks	O"

"@	O"	"lynnbett	O"	"Off	O"	"Venlafaxine	O"	"which	O"	"was	O"	"pure	O"	"hell	O"	"for	O"	"me	O"	",	O"	"I	O"	"can't	O"	"switch	O"	"these	O"	"meds	O"	"anymore	O"	",	O"	"tired	O"	"of	O"	"feeling	B"	"like	I"	"shit	I"	"all	O"	"day	O"	".	O"

"@	O"	"inarticulate	O"	"I	O"	"haven't	O"	"had	O"	"an	O"	"orgasm	B"	"in	O"	"a	O"	"long	O"	"time	O"	".	O"	".	O"	"Wtf	O"	".	O"	".	O"	"#	O"	"paxil	O"

"No	O"	"pain	B"	"is	O"	"worse	O"	"than	O"	"Humira	O"	".	O"	"Not	O"	"even	O"	"arthritis	B"	".	O"	"Lmfao	O"	".	O"

"Anyone	O"	"else	O"	"have	O"	"worsening	O"	"#	O"	"acne	B"	"problems	O"	"since	O"	"starting	O"	"#	O"	"Enbrel	O"	"for	O"	"autoimmune	B"	"disease	I"	"?	O"

"@	O"	"juntei	O"	"My	O"	"old	O"	"ones	O"	"took	O"	"2	O"	"days	O"	"for	O"	"withdrawals	B"	"but	O"	"Effexor	O"	"which	O"	"I'm	O"	"on	O"	"now	O"	"I	O"	"will	O"	"get	O"	"them	O"	"the	O"	"next	O"	"day	O"	":	O"	"/	O"	"I	O"	"wish	O"	"I	O"	"could	O"	"email	O"	"you	O"	"valium	O"

"I	O"	"have	O"	"been	O"	"on	O"	"Seroquel	O"	"(	O"	"Quetiapine	O"	")	O"	"for	O"	"so	O"	"long	O"	"I	O"	"don't	O"	"even	O"	"know	O"	"what	O"	"the	O"	"side	O"	"-	O"	"effects	O"	"are	O"	"!	O"	"Although	O"	",	O"	"I	O"	"think	O"	"overheating	B"	"is	O"	"definitely	O"	"1	O"	".	O"

"@	O"	"CIPROisPOISON	O"	"You	O"	"r	O"	"Right	O"	"Cipro	O"	"nearly	B"	"killed	I"	"me	I"

"@	O"	"LISABROWNPHOTOS	O"	"Consider	O"	"yourself	O"	"lucky	O"	"if	O"	"all	O"	"it	O"	"does	O"	"is	O"	"make	O"	"you	O"	"dizzy	B"	"and	O"	"sick	B"	"!	O"	"Cipro	O"	"crippled	B"	"me	O"	"and	O"	"countless	O"	"others	O"	".	O"

"My	O"	"mind	B"	"races	I"	"when	O"	"I'm	O"	"on	O"	"a	O"	"vyvanse	O"

"This	O"	"Vyvanse	O"	"got	O"	"me	O"	"sweating	B"	"right	O"	"now	O"	"and	O"	"I	O"	"dont	O"	"even	O"	"know	O"	"why	O"

"addicted	B"	"to	O"	"nicotine	O"	"badly	O"	".	O"

"I'd	O"	"rather	O"	"be	O"	"on	O"	"the	O"	"Effexor	O"	"that	O"	"made	O"	"me	O"	"happy	O"	"though	O"	"I	O"	"had	O"	"severe	O"	"back	B"	"pain	I"	"from	O"	"it	O"	".	O"	".	O"	"Than	O"	"sad	B"	"and	O"	"crying	B"	"for	O"	"no	O"	"reason	O"	"on	O"	"lexapro	B"	".	O"	".	O"	".	O"	".	O"

"18	O"	".	O"	"08	O"	"day	O"	"11	O"	"Rivaroxaban	O"	"diary	O"	"Intense	O"	"back	B"	"pain	I"	"at	O"	"a	O"	"funeral	O"	"from	O"	"10	O"	".	O"	"30am	O"	".	O"	"paracetamol	O"	"eventually	O"	"took	O"	"it	O"	"off	O"	".	O"	"Very	O"	"weak	B"	"and	O"	"aching	B"	"knees	I"

"@	O"	"Iamjoy1	O"	"yeah	O"	"I	O"	"know	O"	",	O"	"I	O"	"dont	O"	"take	O"	"my	O"	"trazadone	O"	"at	O"	"night	O"	"cause	O"	"it	O"	"makes	O"	"me	O"	"feel	O"	"groggy	B"	"in	O"	"the	O"	"morning	O"	"and	O"	"I	O"	"wont	B"	"wake	I"	"to	O"	"my	O"	"alarm	O"	")	O"	":	O"

"I	O"	"need	O"	"to	O"	"stop	O"	"the	O"	"vyvanse	O"	"that	O"	"shit	O"	"can	O"	"fuck	B"	"with	I"	"your	I"	"head	I"

"@	O"	"aravain	O"	"I've	O"	"heard	O"	"of	O"	"all	O"	"kinds	O"	"of	O"	"skin	B"	"issues	I"	"on	O"	"Lamictal	O"	"!	O"	"pretty	O"	"sure	O"	"mine	O"	"is	O"	"psychosomatic	O"	"though	O"	".	O"	".	O"	".	O"

"Not	O"	"to	O"	"mention	O"	"the	I"	"thousands	O"	"of	O"	"people	O"	"online	O"	"who	O"	"say	O"	"they’ve	O"	"stacked	B"	"on	I"	"the	I"	"weight	I"	"due	O"	"to	O"	"taking	O"	"seroquel	O"	".	O"

"If	O"	"this	O"	"fuckin	O"	"EMT	O"	"looks	O"	"at	O"	"me	O"	"one	O"	"more	O"	"time	O"	"hes	O"	"gonna	O"	"feel	O"	"the	O"	"wrath	O"	"of	O"	"my	O"	"vyvanse	O"	"rage	B"

"“	O"	"@	O"	"vyvanseswag	O"	":	O"	"I	O"	"run	O"	"on	O"	"Vyvanse	O"	"and	O"	"RedBull	O"	".	O"	"”	O"	"So	O"	"done	O"	"with	O"	"that	O"	"life	O"	".	O"	"Vyvance	O"	"cooked	B"	"my	I"	"brain	I"	"like	O"	"a	O"	"stove	O"	"top	O"

"@	O"	"Azlemed	O"	"first	O"	"two	O"	"weeks	O"	"of	O"	"olanzapine	O"	"v	O"	"drowsy	B"	".	O"	"weight	B"	"gain	I"	"was	O"	"an	O"	"issue	O"	".	O"	"Great	O"	"for	O"	"my	O"	"anxiety	B"	"though	O"	".	O"

"Vyvanse	O"	"masks	O"	"me	O"	"so	O"	"depressed	B"

"Dr	O"	".	O"	"Kyrillos	O"	":	O"	"Of	O"	"SSRIs	O"	",	O"	"Paxil	O"	"has	O"	"the	O"	"greatest	O"	"assoc	O"	"with	O"	"#	O"	"weight	B"	"gain	I"	".	O"	"Rx	O"	"with	O"	"caution	O"	"in	O"	"pts	O"	"with	O"	"presenting	O"	"weight	B"	"issues	O"	".	O"	"#	O"	"PAIPIP	O"	"#	O"	"QI	O"

"Me	O"	"too	O"	".	O"	"I	I"	"used	O"	"to	O"	"call	O"	"Geodon	O"	"the	O"	"Potato	B"	"Drug	I"	"bcuz	I"	"that's	I"	"what	I"	"I	I"	"looked	I"	"like	I"	"after	O"	"just	O"	"5	O"	"weeks	O"	"on	O"	"it	O"	".	O"	".	O"	"	O"	"@	O"	"BeyondMeds	O"	"@	O"	"medskep	O"

"I	O"	"suggest	O"	"never	O"	"stop	O"	"taking	O"	"Effexor	O"	"abruptly	O"	"because	O"	"you	O"	"will	O"	"feel	B"	"like	I"	"you're	I"	"on	I"	"your	I"	"death	I"	"bed	I"

"@	O"	"cloudtoad	O"	"@	O"	"MrsYisWhy	O"	"@	O"	"bigthink	O"	"each	O"	"brain	O"	"is	O"	"different	O"	".	O"	"The	O"	"SSRI	O"	"I'm	O"	"on	O"	"has	O"	"worked	O"	"really	O"	"well	O"	".	O"	"Prozac	O"	"made	O"	"me	O"	"a	O"	"zombie	B"	".	O"	"#	O"	"Brains	O"

"@	O"	"stavvers	O"	"Yeah	O"	"I	O"	"hear	O"	"epilim	O"	"is	O"	"pretty	O"	"tough	O"	",	O"	"sorry	O"	"to	I"	"hear	O"	"re	O"	"bad	O"	"times	O"	"with	O"	"it	O"	":	O"	"(	O"	"Oddly	O"	",	O"	"dear	O"	"sweet	O"	"Lamotrigine	O"	"tipped	B"	"me	I"	"to	I"	"a	I"	"dark	I"	"place	I"

"@	O"	"Back	O"	"_	O"	"datASHup	O"	"same	O"	"lol	O"	"didn't	B"	"eat	I"	"a	I"	"thing	I"	",	O"	"damn	O"	"vyvanse	O"

"So	O"	"I	O"	"may	O"	"be	O"	"allergic	B"	"to	O"	"the	O"	"metoprolol	O"	".	O"	"Rash	B"	"on	O"	"my	I"	"face	O"	".	O"	"Needing	B"	"my	I"	"inhaler	I"	"daily	O"	"since	O"	"Friday	O"	".	O"

"Only	O"	"one	O"	"day	O"	"in	O"	"and	O"	"Mirtazapine	O"	"is	O"	"like	O"	"fluoxetine	O"	"all	O"	"over	O"	"again	O"	",	O"	"it	O"	"just	O"	"makes	O"	"me	O"	"so	O"	"tiered	B"

"@	O"	"CoCayne18	O"	"stopped	B"	"working	I"	".	O"	"I	O"	"don't	O"	"think	O"	"their	O"	"meant	O"	"to	O"	"last	O"	"forever	O"	"but	O"	"again	O"	"it	O"	"depends	O"	"on	O"	"the	O"	"person	O"	".	O"	"I	O"	"took	O"	"Enbrel	O"	"when	O"	"I	O"	"was	O"	"on	O"	"my	O"

"So	O"	"apparently	O"	"60mgs	O"	"of	O"	"Prozac	O"	"will	O"	"make	O"	"you	O"	"scared	B"	"of	O"	"eating	O"	"GMO's	O"	"and	O"	"make	O"	"you	O"	"think	O"	"you	O"	"need	B"	"to	I"	"save	I"	"the	I"	"world	I"	"!	O"	"Switching	O"	"back	O"	"to	I"	"40mgs	O"	"!	O"	"!	O"	"!	O"

"@	O"	"TheMartinNewman	O"	"to	I"	"be	O"	"honest	O"	"I've	O"	"had	O"	"worse	O"	".	O"	"On	O"	"fluoxetine	O"	"I	O"	"was	O"	"convinced	O"	"there	O"	"was	O"	"a	O"	"plot	B"	"to	I"	"steal	I"	"my	I"	"thoughts	I"	".	O"	".	O"	".	O"	"!	O"

"Well	O"	"my	O"	"effexor	O"	"kinda	O"	"did	O"	"its	O"	"job	O"	"to	O"	"keep	O"	"my	O"	"anxiety	B"	"under	O"	"control	O"	".	O"	".	O"	".	O"	".	O"	"but	O"	"now	O"	"to	O"	"get	O"	"my	O"	"heart	B"	"rate	I"	"down	O"	".	O"	".	O"	".	O"	".	O"	".	O"	"ugh	O"

"Trazodone	O"	"is	O"	"no	O"	"joke	O"	".	O"	"Slept	B"	"through	I"	"every	I"	"alarm	I"	".	O"

"Day	O"	"2	O"	"without	O"	"nicotine	O"	":	O"	"Fuck	O"	"sleep	B"	"would	O"	"be	O"	"nice	O"	".	O"	"So	O"	"would	O"	"a	O"	"dip	O"	".	O"	".	O"	".	O"	".	O"	".	O"	".	O"	".	O"

"Upped	O"	"my	O"	"Effexor	O"	"dosage	O"	"5	O"	"days	O"	"ago	O"	".	O"	"Sleep	B"	"cycle	I"	"and	O"	"quality	B"	"went	O"	"to	O"	"shit	O"	"4	O"	"days	O"	"ago	O"	".	O"	"I	O"	"sense	O"	"a	O"	"correlation	O"	"here	O"	".	O"	".	O"	".	O"

"Pretty	O"	"sure	O"	"my	O"	"Vyvanse	O"	"is	O"	"making	O"	"me	O"	"dizzy	B"	"and	O"	"making	O"	"my	O"	"chest	B"	"hurt	I"	".	O"

"@	O"	"JameeTMiller	O"	"I	O"	"didn't	O"	"have	O"	"side	O"	"effects	O"	"when	O"	"I	O"	"started	O"	"taking	O"	"Cymbalta	O"	".	O"	"After	O"	"about	O"	"6	O"	"mths	O"	"had	O"	"to	O"	"stop	O"	"because	O"	"it	O"	"raised	B"	"my	I"	"blood	I"	"pressure	I"	".	O"

"I	O"	"wish	O"	"I	O"	"could	B"	"be	I"	"tired	I"	".	O"	"Shouldn't	O"	"have	O"	"taken	O"	"the	O"	"vyvanse	O"	".	O"	"Now	O"	"I'm	O"	"never	B"	"sleeping	I"	".	O"

"Hey	O"	"guys	O"	"don't	O"	"forget	O"	"to	O"	"refill	O"	"your	O"	"Paxil	O"	"for	O"	"like	O"	"six	O"	"days	O"	"because	O"	"the	O"	"withdrawal	B"	"is	O"	"like	O"	"heroin	O"	".	O"	"	O"	"Literally	O"	".	O"

"Found	O"	"out	O"	"that	O"	"it	O"	"could	O"	"be	O"	"two	O"	"months	O"	"before	O"	"I	O"	"sleep	B"	"well	O"	"again	O"	"now	O"	"that	O"	"I'm	O"	"off	O"	"Seroquel	O"	".	O"	"Srsly	O"	",	O"	"fuck	O"	"the	O"	"psychiatrist	O"	"that	O"	"put	O"	"me	O"	"on	O"	"it	O"	".	O"

"i	O"	"had	O"	"the	O"	"two	O"	"humira	O"	"shots	O"	"today	O"	"and	O"	"the	O"	"needle	O"	"didnt	O"	"hurt	O"	"at	O"	"all	O"	"but	O"	"the	O"	"mEDICINE	O"	"INSIDE	O"	"BURNED	B"	"LIKE	O"	"LAVA	O"

"To	O"	"take	O"	"my	O"	"seroquel	O"	"and	O"	"have	O"	"weird	B"	"dreams	I"	"or	O"	"to	O"	"not	O"	".	O"	".	O"	".	O"	"Real	O"	"life	O"	"lyndsey	O"	"world	O"	"questions	O"

"Not	O"	"that	O"	"anyone	O"	"noticed	O"	",	O"	"but	O"	"my	O"	"#	O"	"ambienwithdrawl	O"	"only	O"	"lasted	O"	"a	O"	"few	O"	"days	O"	".	O"	"Why	O"	"?	O"	"Because	O"	"I	O"	"got	O"	"another	O"	"scrip	O"	".	O"	"I	O"	"need	O"	"it	O"	"while	O"	"I'm	O"	"on	O"	"Levaquin	O"	".	O"

"@	O"	"notquitereal	O"	"Oh	O"	",	O"	"really	O"	"?	O"	"That's	O"	"what	O"	"gave	O"	"me	O"	"the	O"	"terrible	O"	"reaction	B"	".	O"	"My	O"	"current	O"	"doctor	O"	"told	O"	"me	O"	"he'd	O"	"almost	O"	"never	O"	"prescribe	O"	"fluoxetine	O"	".	O"

"me	O"	":	O"	"feeling	O"	"fine	O"	",	O"	"watching	O"	"tv	O"	".	O"	".	O"	".	O"	"swiffer	O"	"commercial	O"	"#	O"	"lamotrigine	O"	":	O"	"Lol	O"	"lets	O"	"make	O"	"the	O"	"bitch	O"	"cry	B"	"at	O"	"this	O"	".	O"	".	O"	".	O"	"a	O"	"fucking	O"	"swiffer	O"	"commercial	O"	".	O"

"The	O"	"one	O"	"bummer	O"	"about	O"	"it	O"	"all	O"	"is	O"	"that	O"	"the	O"	"Fluoxetine	O"	"is	O"	"giving	O"	"me	O"	"the	O"	"shakes	B"	"which	O"	"made	O"	"fine	O"	"fiddly	O"	"detail	O"	"work	O"	"harder	O"	"than	O"	"it	O"	"should	O"	"be	O"

"i	O"	"have	O"	"been	O"	"on	O"	"lorazepam	O"	"/	O"	"diazepam	O"	"/	O"	"quetiapine	O"	"for	O"	"the	O"	"past	O"	"few	O"	"nights	O"	"and	O"	"i've	O"	"noticed	O"	"i	O"	"am	O"	"slightly	O"	"drooling	B"	"a	O"	"bit	O"	".	O"	"lovely	O"	".	O"

"wish	O"	"I	O"	"could	O"	"stay	O"	"up	O"	"and	O"	"do	O"	"nicething	O"	"with	O"	"all	O"	"the	O"	"loveliesd	O"	"but	O"	"woah	O"	"does	O"	"seroquel	O"	"hit	B"	"hard	I"

"@	O"	"AuthorEdKurtz	O"	"Oh	O"	",	O"	"it	O"	"sucks	O"	",	O"	"but	O"	"try	O"	"doing	O"	"SNRI	O"	"withdrawal	B"	".	O"	"They	O"	"had	O"	"to	O"	"put	O"	"me	O"	"on	O"	"a	O"	"whole	O"	"other	O"	"drug	O"	"just	O"	"to	O"	"get	O"	"me	O"	"off	O"	"Effexor	O"	".	O"	":	O"	"(	O"

"@	O"	"AnitaAlibi	O"	"Paxil	O"	"didn't	O"	"end	O"	"up	O"	"helping	O"	".	O"	"Tried	O"	"Prozac	O"	"and	O"	"Wellbutrin	O"	"and	O"	"it	O"	"helped	O"	"my	O"	"mood	B"	"and	O"	"anxiety	B"	"but	O"	"gave	O"	"me	O"	"vertigo	B"	".	O"	":	O"	"(	O"

"seroquel	O"	"is	O"	"causing	O"	"more	O"	"gaps	B"	"in	I"	"memory	I"	",	O"	"I	O"	"don't	O"	"remember	O"	"going	O"	"to	O"	"therapy	O"	"and	O"	"as	O"	"usual	O"	"no	O"	"one	O"	"has	O"	"stepped	O"	"up	O"	"to	O"	"claim	O"	"thos	O"	"memories	O"	">	O"	">	O"

"My	O"	"vyvanse	O"	"is	O"	"still	O"	"on	O"	".	O"	"This	O"	"is	O"	"why	O"	"I	O"	"don't	O"	"take	O"	"it	O"	"at	O"	"1pm	O"	".	O"	"Who	O"	"wants	O"	"to	O"	"smoke	O"	"weed	O"	"or	O"	"boges	O"	"with	O"	"me	O"

"How	O"	"do	O"	"guys	O"	"ejaculate	B"	"on	O"	"paxil	O"	"?	O"	"?	O"	"#	O"	"antidepressants	B"

"So	O"	"my	O"	"body	O"	"was	O"	"goin	O"	"threw	O"	"withdrawl	B"	"?	O"	"Lol	O"	"didnt	O"	"kno	O"	"Paxil	O"	"was	O"	"that	O"	"strong	O"	"lol	O"

"Effexor	O"	"withdrawal	B"	".	O"

"Brb	O"	",	O"	"dying	O"	"of	O"	"nicotine	O"	"withdrawal	B"	".	O"

"Since	O"	"quetiapine's	O"	"messed	O"	"with	O"	"my	O"	"prolactin	B"	"levels	O"	",	O"	"making	O"	"my	O"	"boobs	B"	"humungous	I"	"&	O"	"my	O"	"bras	O"	"so	O"	"expensive	O"	",	O"	"I	O"	"want	O"	"a	O"	"lingerie	O"	"component	O"	"to	O"	"DLA	O"	".	O"

"Thank	O"	"god	O"	"my	O"	"steady	O"	"stream	O"	"of	O"	"vyvanse	O"	"is	O"	"wearing	O"	"off	O"	",	O"	"i	O"	"can	O"	"sleep	B"	"now	O"	".	O"

"Medication	O"	"side	O"	"-	O"	"affects	O"	"have	O"	"hit	O"	"me	O"	"hard	O"	"today	O"	":	O"	"I	O"	"keep	O"	"on	O"	"randomly	O"	"jolting	B"	"or	O"	"rocking	B"	",	O"	"it	O"	"is	O"	"so	O"	"bad	O"	"I	O"	"am	O"	"finding	O"	"it	O"	"hard	O"	"to	O"	"type	O"	"!	O"	"#	O"	"Seroquel	O"

"Vyvanse	O"	",	O"	"commonly	O"	"known	O"	"as	O"	"OCD	B"	"in	O"	"a	O"	"pill	O"	".	O"

"Last	O"	"night	O"	",	O"	"I	O"	"had	O"	"a	O"	"dream	O"	"that	O"	"@	O"	"bromethazine	O"	"and	O"	"I	O"	"were	O"	"going	O"	"to	O"	"have	O"	"sex	O"	",	O"	"but	O"	"I	O"	"was	O"	"too	O"	"tired	B"	".	O"	"Seroquel	O"	"is	O"	"the	O"	"devil	O"	".	O"

"FUCKING	I"	"NICOTINE	O"	"DRIVING	B"	"MY	I"	"FUCKING	I"	"MIND	I"	"UP	I"	"THE	I"	"FUCKING	I"	"WALL	I"	".	O"	"I	O"	"FEEL	O"	"LIKE	O"	"KATHY	O"	"BATES	O"

"Rocephin	O"	"+	O"	"Ciprofloxacin	O"	"=	O"	"me	O"	"barely	B"	"able	I"	"to	I"	"stay	I"	"awake	I"

"@	O"	"ABittersweet1	O"	"Cipro	O"	"destroyed	B"	"my	I"	"entire	I"	"body	I"	",	O"	"from	O"	"head	O"	"to	O"	"toe	O"	".	O"	"Bedridden	B"	"since	O"	"2009	O"	".	O"	"Be	O"	"VERY	O"	"careful	O"	".	O"

"can't	B"	"even	I"	"enjoy	I"	"this	I"	"banana	I"	"right	O"	"now	O"	"because	O"	"of	O"	"fuckin	O"	"vyvanse	O"	"what	O"	"is	O"	"life	O"

"Why	O"	"do	O"	"I	O"	"always	O"	"get	O"	"the	O"	"seroquel	O"	"munchies	B"	"!	O"	"?	O"

"@	O"	"liver	O"	"_	O"	"bird	O"	"_	O"	"87	O"	"@	O"	"MizTinkerbella	O"	"when	O"	"I	O"	"was	O"	"on	O"	"cymbalta	O"	"and	O"	"visanne	O"	"I	O"	"could	B"	"not	I"	"orgasm	I"	"at	O"	"all	O"	"!	O"	"!	O"	"!	O"

"it's	O"	"6	O"	"am	O"	"and	O"	"still	O"	"no	B"	"sleep	I"	"fuck	O"	"you	O"	"vyvanse	O"

"Humira	O"	"got	O"	"a	O"	"real	O"	"nigga	O"	"tired	B"

"How	O"	"is	O"	"it	O"	"that	O"	"Vyvanse	O"	"gives	O"	"me	O"	"dry	B"	"mouth	I"	",	O"	"but	O"	"I	O"	"still	O"	"produce	O"	"this	O"	"much	O"	"saliva	B"	"in	O"	"my	O"	"sleep	O"	"?	O"

"It's	O"	"raining	O"	".	O"	"I	O"	"ran	O"	"for	O"	"the	O"	"bus	O"	"when	O"	"I	O"	"didn't	O"	"need	O"	"to	O"	".	O"	"My	O"	"GP	O"	"letter	O"	"isn't	O"	"right	O"	".	O"	"Sweating	B"	"like	O"	"a	O"	"pig	O"	"thanks	O"	"to	O"	"quetiapine	O"	".	O"	"Brighton	O"	"bound	O"	"!	O"

"@	O"	"twistedwillow	O"	"@	O"	"SamAmbreen	O"	"apologies	O"	"if	O"	"gatecrashing	O"	".	O"	"I	O"	"was	O"	"like	O"	"walking	B"	"dead	I"	"when	O"	"first	O"	"started	O"	"venlafaxine	O"	",	O"	"much	O"	"better	O"	"now	O"	"dose	O"	"stable	O"

"@	O"	"CCFA	O"	"pooped	B"	"out	I"	"bc	O"	"i	O"	"did	O"	"humira	O"	"last	O"	"night	O"	":	O"	")	O"

"@	O"	"BipolarBlogger	O"	"I	O"	"hate	O"	"Quetiapine	O"	".	O"	"I	O"	"was	O"	"so	O"	"relieved	O"	"to	O"	"come	O"	"off	O"	"it	O"	"and	O"	"stop	O"	"feeling	O"	"like	O"	"a	O"	"zombie	B"	".	O"

"Fuck	O"	"Paxil	O"	".	O"	"I	O"	"never	O"	"want	O"	"to	O"	"take	O"	"this	O"	"shit	O"	"again	O"	",	O"	"but	O"	"every	O"	"time	O"	"I	O"	"try	O"	"I	O"	"get	O"	"ridiculously	O"	"sick	B"	".	O"	"My	O"	"life	O"	"suckssss	O"	".	O"

"@	O"	"Kirkby007	O"	"I	O"	"had	O"	"a	O"	"gene	O"	"test	O"	"for	O"	"Tysabri	O"	"I	O"	"guess	O"	"it	O"	"can	O"	"cause	O"	"a	O"	"fatal	O"	"brain	B"	"disorder	I"	".	O"	"My	O"	"chances	O"	"are	O"	"low	O"	".	O"	".	O"	"But	O"	"that	O"	"crap	O"	"is	O"	"creepy	O"	".	O"

"@	O"	"BroahEgan	O"	"it's	O"	"my	O"	"nicotine	O"	"withdrawls	B"

"Cymbalta	O"	"is	O"	"legal	O"	",	O"	"an	O"	"antidepressant	B"	".	O"	".	O"	".	O"	".	O"	".	O"	"side	O"	"effects	O"	":	O"	"nausea	B"	",	O"	"dry	B"	"mouth	I"	",	O"	"constipation	B"	",	O"	"diarrhea	B"	",	O"	"fatigue	B"	",	O"	"&	O"	"THOUGHTS	B"	"OF	I"	"SUICIDE	I"

"Holy	O"	"shit	O"	"balls	O"	"pristiq	O"	"withdrawals	B"	"are	O"	"very	O"	"strong	O"	"!	O"

"My	O"	"medication	O"	"is	O"	"making	B"	"me	I"	"stupid	I"	",	O"	"brain	O"	"meds	O"	"are	O"	"not	O"	"ok	O"	",	O"	"fuck	O"	"u	O"	"paxil	O"

"When	O"	"the	O"	"depression	B"	"is	O"	"coming	O"	"out	O"	"caused	O"	"by	O"	"this	O"	"damn	O"	"levofloxacin	O"	":	O"	")	O"	")	O"

"21	O"	".	O"	"43	O"	"day	O"	"25	O"	"Rivaroxaban	O"	"diary	O"	".	O"	"Think	O"	"all	O"	"rvxbn	O"	"nowq	O"	"out	O"	"of	O"	"my	O"	"body	O"	"but	O"	"Losartan	O"	"(	O"	"last	O"	"25mg	O"	"tablet	O"	"taken	O"	"4	O"	"days	O"	"ago	O"	")	O"	"remains	O"	".	O"	"Still	O"	"aching	B"	".	O"

"@	O"	"Sectioned	O"	"_	O"	"@	O"	"bipolarlife7	O"	"@	O"	"BBCWomansHour	O"	"ah	O"	"yes	O"	",	O"	"I'm	O"	"starting	O"	"to	O"	"think	O"	"my	O"	"paroxetine	O"	"turns	O"	"panic	B"	"attacks	I"	"into	O"	"fat	B"	".	O"

"Exhausted	O"	".	O"	".	O"	".	O"	"can't	O"	"fall	O"	"asleep	O"	".	O"	"Don't	O"	"wanna	O"	"take	O"	"a	O"	"trazadone	O"	"and	O"	"wake	O"	"up	O"	"hungover	B"	".	O"	"#	O"	"Sleepdisorderproblems	O"

"You	O"	"woukd	O"	"think	O"	"going	O"	"off	O"	"of	O"	"cymbalta	O"	"would	O"	"make	O"	"me	O"	"less	O"	"tired	B"	".	O"	".	O"	".	O"	"but	O"	"nope	O"	".	O"	".	O"	".	O"	"-	O"	"_	O"	"-	O"

"Today's	O"	"Pristiq	O"	"withdrawal	B"	"symptom	O"	":	O"	"my	O"	"eyeballs	B"	"make	I"	"a	I"	"sound	I"	"like	O"	"Star	O"	"Trek	O"	"doors	O"	"when	O"	"I	O"	"move	O"	"them	O"	".	O"	"#	O"	"WTF	O"

"I	O"	"think	O"	"baclofen	O"	"might	O"	"make	B"	"me	I"	"a	I"	"bigger	I"	"asshole	I"	"than	O"	"usual	O"	".	O"	":	O"	"/	O"

"@	O"	"LynseyPattie	O"	"@	O"	"ukschizophrenic	O"	"@	O"	"Polarbear3127	O"	"@	O"	"weswroten	O"	"Its	O"	"quetiapine	O"	"for	O"	"me	O"	".	O"	"I	O"	"was	O"	"wearing	O"	"factor	O"	"30	O"	"today	O"	"&	O"	"I	O"	"still	O"	"burnt	B"	":	O"	"-	O"	"(	O"

"@	O"	"MondaysMomma	O"	"It's	O"	"ok	O"	",	O"	"I	O"	"guess	O"	"it's	O"	"just	O"	"a	O"	"case	O"	"of	O"	"trial	O"	"and	O"	"error	O"	"with	O"	"antidepressants	B"	".	O"	"Coming	O"	"off	O"	"venlafaxine	O"	"has	O"	"been	O"	"so	O"	"nasty	B"	":	O"	"(	O"

"Adderall	O"	"puts	O"	"me	I"	"in	O"	"a	O"	"good	O"	"mood	O"	",	O"	"Vyvanse	O"	"makes	B"	"me	I"	"an	I"	"asshole	I"	".	O"

"I'm	O"	"now	O"	"back	O"	"on	O"	"the	O"	"olanzapine	O"	"along	O"	"side	O"	"lithium	O"	".	O"	"Ugh	O"	".	O"	"#	O"	"helloweightgain	O"

"@	O"	"neph0079	O"	"@	O"	"PositiveAboutMS	O"	"I	O"	"take	O"	"baclofen	O"	"can't	B"	"sleep	I"	"!	O"	"want	O"	"to	O"	"sleep	I"	"!	O"	"help	O"	"!	O"

"@	O"	"BurberryWife	O"	"sometimes	O"	"it	O"	"never	O"	"ends	O"	".	O"	"So	O"	"sorry	O"	".	O"	"Topomax	B"	"is	O"	"miserable	O"	"with	O"	"parasthesia	B"	",	O"	"cognitive	B"	"problems	I"	",	O"	"kidney	B"	"stones	I"	".	O"	"Lamictal's	O"	"good	O"

"@	O"	"badboyfloyd	O"	"_	O"	"lmao	O"	",	O"	"i'm	O"	"prescribed	O"	"baby	O"	".	O"	"it's	O"	"for	O"	"my	O"	"anxiety	B"	".	O"	"i	O"	"take	O"	"seroquel	O"	",	O"	"and	O"	"celexa	O"	"with	O"	"it	O"	".	O"	"i'm	O"	"a	O"	"fucking	O"	"zombie	B"	"after	O"	"9pm	O"	".	O"

"@	O"	"IntegrateMD	O"	"I	O"	"sure	O"	"wish	O"	"my	O"	"doctor	O"	"had	O"	"told	O"	"me	O"	"Cipro	O"	"could	O"	"disable	B"	"me	O"	"for	O"	"life	O"	"!	O"	"There	O"	"was	O"	"never	O"	"any	O"	"mention	O"	"of	O"	"that	O"	".	O"	"Now	O"	"I'm	O"	"crippled	B"	".	O"

"Between	O"	"the	O"	"fucking	O"	"redbull	O"	"and	O"	"vyvanse	O"	"I	O"	"popped	O"	"to	O"	"energize	O"	"my	O"	"triple	O"	"yesterday	O"	".	O"	".	O"	".	O"	"couldn't	B"	"fall	I"	"asleep	I"	"for	O"	"the	O"	"life	O"	"of	O"	"me	O"	".	O"

"My	O"	"Seroquel	O"	"this	O"	"morning	O"	"got	O"	"me	O"	"lethargic	B"

"@	O"	"itwasntbay	O"	"yeah	O"	"when	O"	"I	O"	"take	O"	"vyvanse	O"	"any	O"	"food	B"	"just	I"	"looks	I"	"/	O"	"sounds	I"	"/	O"	"tastes	I"	"fucking	I"	"disgusting	I"

"I	O"	"couldn't	O"	"remember	O"	"if	O"	"I	O"	"took	O"	"a	O"	"vyvanse	O"	"or	O"	"not	O"	"early	O"	"so	O"	"I	O"	"took	O"	"another	O"	"one	O"	"&	O"	"now	O"	"I'm	O"	"spazzing	B"	"out	I"	".	O"	".	O"	".	O"	"bc	O"	"obviously	O"	"I	O"	"took	O"	"one	O"	"already	O"	"#	O"	"adhd	B"

"@	O"	"darko	O"	"_	O"	"marco	O"	"I've	O"	"no	O"	"probs	O"	"with	O"	"porn	O"	"other	O"	"than	O"	"the	O"	"fact	O"	"that	O"	"I've	O"	"gained	B"	"80	I"	"pounds	I"	"on	O"	"Effexor	O"	"and	O"	"no	O"	"one	O"	"needs	O"	"to	O"	"see	O"	"that	O"	";	O"	"-	O"	")	O"

"@	O"	"VanessaLovesJK	O"	"because	O"	"my	O"	"dr	O"	"switched	O"	"from	O"	"celexa	O"	"to	O"	"paxil	O"	"and	O"	",	O"	"paxil	O"	"made	O"	"me	O"	"feel	O"	"sick	B"

"@	O"	"SpicyNyx	O"	"I	O"	"think	O"	"I'm	O"	"that	O"	"too	O"	"!	O"	"Had	O"	"rare	O"	"breastmilk	B"	"production	I"	"on	O"	"quetiapine	O"	",	O"	"ultra	O"	"rare	O"	"hallucinations	B"	"(	O"	"not	O"	"psychosis	O"	")	O"	"on	O"	"valproate	B"	".	O"

"Rivaroxaban	O"	"diary	O"	"2	O"	"/	O"	"2	O"	".	O"	".	O"	"but	O"	"not	B"	"hungry	I"	".	O"	"Has	O"	"to	O"	"be	O"	"taken	O"	"with	O"	"food	O"	".	O"	"Only	O"	"had	O"	"1	O"	"hot	O"	"drink	O"	"and	O"	"1	O"	"slice	O"	"of	O"	"bread	O"	"so	O"	"far	O"	"today	O"

"Seriously	O"	"haven't	B"	"ate	I"	"one	O"	"thing	O"	"ALL	O"	"damn	O"	"day	O"	".	O"	".	O"	"#	O"	"vyvanse	O"	"#	O"	"add	B"	"#	O"	"damn	O"

"If	O"	"your	O"	"doctor	O"	"prescribes	O"	"you	O"	"Seroquel	O"	"off	O"	"label	O"	",	O"	"they	O"	"just	O"	"want	O"	"you	O"	"to	O"	"stfu	O"	".	O"	"I'm	O"	"a	O"	"mute	B"	".	O"

"Not	O"	"hungry	O"	"but	O"	"eating	B"	"anyway	O"	".	O"	"Thank	O"	"you	O"	"Quetiapine	O"	"you	O"	"utter	O"	"cunt	O"	".	O"

"Would	O"	"like	O"	"less	O"	"vyvanse	O"	"and	O"	"more	O"	"sleep	B"	"in	O"	"my	O"	"life	O"

"Does	O"	"anyone	O"	"happen	O"	"to	O"	"know	O"	"if	O"	"Lamictal	O"	"causes	O"	"you	O"	"to	O"	"feel	B"	"hot	I"	"?	O"	"@	O"	"liberonetwork	O"	"@	O"	"_	O"	"Sabiiiiii	O"	"#	O"	"cantstopsweating	O"

"@	O"	"dougbremner	O"	"I	O"	"wish	O"	"I'd	O"	"have	O"	"found	O"	"your	O"	"article	O"	"sooner	O"	"!	O"	"I	O"	"was	O"	"crippled	B"	"by	O"	"Cipro	O"	"in	O"	"Oct	O"	"of	O"	"'09	O"	".	O"	"Prescribed	O"	"for	O"	"a	O"	"UTI	B"	"&	O"	"it	O"	"didn't	O"	"even	O"	"help	O"	".	O"

"@	O"	"stillicides	O"	"well	O"	"no	O"	".	O"	"But	O"	"it's	O"	"just	O"	"that	O"	"I	O"	"dropped	O"	"my	O"	"quetiapine	O"	"last	O"	"night	O"	".	O"	"I	O"	"slept	B"	"horribly	I"	"!	O"	"But	O"	"I	O"	"feel	O"	"v	O"	"unfoggy	O"	".	O"	".	O"	".	O"

"@	O"	"AaronM	O"	"effexor	O"	"was	O"	"a	O"	"boner	B"	"killer	I"	",	O"	"absolutely	O"	".	O"	"welbutrin	O"	"goes	O"	"the	O"	"other	O"	"way	O"	".	O"

"Oh	O"	",	O"	"and	O"	"I	O"	"forgot	O"	"that	O"	"with	O"	"Lamotrigine	O"	"come	O"	"awful	O"	"night	B"	"terrors	I"	".	O"	"I	O"	"woke	O"	"up	O"	"no	O"	"fewer	O"	"than	O"	"five	O"	"times	O"	"screaming	O"	"and	O"	"sweaty	O"	".	O"	"#	O"	"lol	O"

"Question	O"	":	O"	"anyone	O"	"on	O"	"#	O"	"humira	O"	"experiencing	O"	"urinary	B"	"track	I"	"infections	I"	"frequently	O"	"and	O"	"never	O"	"had	O"	"before	O"	"?	O"

"My	O"	"emails	O"	"to	O"	"big	O"	"pharm	O"	"were	O"	"answered	O"	"!	O"	"Turns	O"	"out	O"	"there	O"	"IS	O"	"a	O"	"pill	O"	"that	O"	"makes	O"	"you	O"	"stop	B"	"spending	I"	"all	I"	"of	I"	"your	I"	"income	I"	"in	I"	"food	I"	"and	O"	"it's	O"	"#	O"	"vyvanse	O"

"going	B"	"off	I"	"of	I"	"olanzapine	I"	"is	I"	"no	I"	"picnic	I"	".	O"	"you	O"	"have	O"	"to	O"	"be	O"	"prepared	O"	"to	O"	"ask	O"	"the	O"	"aid	O"	"of	I"	"the	O"	"gods	O"	",	O"	"Jesus	O"	",	O"	"Krishna	O"	".	O"

"@	O"	"KarimS3D	O"	"Olanzapine	O"	"actually	O"	"makes	O"	"you	O"	"put	B"	"on	I"	"weight	I"	",	O"	"even	O"	"when	O"	"you	O"	"aren't	O"	"eating	O"	"that	O"	"much	O"

"Pretty	O"	"sure	O"	"the	O"	"quetiapine	O"	"was	O"	"affecting	O"	"my	O"	"sense	O"	"of	O"	"taste	B"

"@	O"	"JennNiff	O"	"I	O"	"didn't	O"	"take	O"	"a	O"	"zopiclone	O"	"in	O"	"the	O"	"end	O"	".	O"	".	O"	"but	O"	"I'm	O"	"third	O"	"day	O"	"of	O"	"no	O"	"quetiapine	O"	"&	O"	"I'm	O"	"eating	B"	"incredibly	I"	"differently	I"	"!	O"

"@	O"	"tittuck	O"	"i	O"	"know	O"	"it	O"	"made	O"	"me	O"	"want	B"	"to	I"	"be	I"	"sick	I"	"every	O"	"time	O"	"i	O"	"had	O"	"it	O"	"plus	O"	"fluoxetine	O"	"is	O"	"the	O"	"bigges	O"	"bunch	O"	"of	O"	"shit	O"	"ive	O"	"been	O"	"on	O"	"worse	O"	"than	O"	"sertraline	O"

"That	O"	"zyprexa	O"	"really	O"	"makes	O"	"your	O"	"vocal	O"	"chords	O"	"marvelous	O"	"only	O"	"it	O"	"makes	O"	"you	O"	"gain	B"	"so	I"	"much	I"	"weight	I"

"@	O"	"TheOnlyWayIsGay	O"	"Fluoxetine	O"	".	O"	"Killed	B"	"my	I"	"libido	I"	"stone	O"	"dead	O"	".	O"

"Guess	O"	"what	O"	"?	O"	"Still	O"	"feeling	B"	"weird	I"	".	O"	"Fuck	O"	"you	O"	"Quetiapine	O"	".	O"	"Fuck	O"	"you	O"	".	O"

"OK	O"	",	O"	"I'm	O"	"pretty	O"	"sure	O"	"that	O"	"missing	O"	"2	O"	"doses	O"	"of	O"	"fluoxetine	O"	"(	O"	"pure	O"	"disorderliness	O"	"/	O"	"schedule	O"	"fail	O"	")	O"	"was	O"	"responsible	O"	"for	O"	"my	O"	"joint	B"	"pain	I"	".	O"

"@	O"	"TheBloggess	O"	"your	O"	"lucky	O"	"!	O"	"I	O"	"have	O"	"to	O"	"do	O"	"infusions	O"	"of	O"	"remicade	O"	"for	O"	"my	O"	"RA	B"	".	O"	"I	O"	"would	O"	"happily	O"	"do	O"	"humera	O"	"or	O"	"enbrel	O"	"if	O"	"it	O"	"didnt	O"	"make	O"	"me	O"	"stop	B"	"breathin	I"

"Brisdelle	O"	"dangerous	O"	".	O"	"Paxil	O"	"is	O"	"supposed	O"	"to	O"	"treat	O"	"depression	B"	"and	O"	"suicidal	B"	"thoughts	I"	".	O"	"I	O"	"took	O"	"Paxil	O"	"and	O"	"got	O"	"depressed	B"	".	O"	"Went	O"	"off	O"	"&	O"	"OK	O"	"in	O"	"2	O"	"wk	O"	".	O"

"02	O"	".	O"	"50	O"	"day	O"	"15	O"	"Rivaroxaban	O"	"diary	O"	".	O"	"Neck	B"	"ache	I"	"and	O"	"lower	O"	"back	B"	"pain	I"	".	O"	"Had	O"	"to	O"	"kneel	O"	"on	O"	"floor	O"	"to	O"	"get	O"	"out	O"	"of	O"	"bed	O"	".	O"

"So	I"	"unfair	O"	",	O"	"I	O"	"never	O"	"get	O"	"the	O"	"good	O"	"side	O"	"effects	O"	"of	O"	"meds	O"	".	O"	"Ativan	O"	",	O"	"Seroquel	O"	",	O"	"&	O"	"Ambien	O"	"XR	O"	"make	O"	"me	O"	"feel	B"	"so	I"	"drink	I"	"I	O"	"cant	B"	"really	I"	"walk	I"	"&	O"	"Im	O"	"nauseated	B"

"PAXIL	O"	"WHY	O"	"YOU	O"	"NOT	B"	"LET	I"	"ME	I"	"SLEEP	I"	"?	O"	"!	O"	"?	O"

"20	O"	".	O"	"05	O"	"day	O"	"16	O"	"Rivaroxaban	O"	"diary	O"	".	O"	"Intense	O"	"back	B"	"and	O"	"knee	B"	"pain	I"	"most	O"	"of	O"	"day	O"	";	O"	"taken	O"	"more	O"	"paracetamol	O"	".	O"	"Had	O"	"to	O"	"shop	O"	",	O"	"walking	B"	"painful	I"	".	O"

"whoa	O"	"quetiapine	O"	"stop	O"	"making	O"	"me	O"	"feel	O"	"drowsy	B"	"yo	O"

"@	O"	"Ana	O"	"_	O"	"3033	O"	"fluoxetine	O"	"give	O"	"me	O"	"headaches	B"	"and	O"	"makes	O"	"me	O"	"yawn	B"	"24	O"	"/	O"	"7	O"

"@	O"	"INukeYou	O"	"And	O"	"then	O"	"I	O"	"had	O"	"horrible	B"	"sleep	I"	"once	O"	"I	O"	"took	O"	"the	O"	"trazodone	O"	".	O"	"I	O"	"just	O"	"couldn't	O"	"win	O"	",	O"	"haha	O"	".	O"

"@	O"	"Pete	O"	"_	O"	"_	O"	"Bull	O"	"elderly	O"	",	O"	"diabetic	O"	"on	O"	"olanzapine	O"	"=	O"	"raging	B"	"bm's	I"	",	O"	"mood	B"	"swings	I"	"and	O"	"weight	B"	"gain	I"	".	O"	".	O"	".	O"	"cons	O"	"may	O"	"outweigh	O"	"the	O"	"pros	O"	".	O"	".	O"

"@	O"	"PrinceHerb	O"	"I	O"	"had	O"	"paroxetine	O"	"for	O"	"a	O"	"few	O"	"weeks	O"	"once	O"	".	O"	".	O"	".	O"	"apparently	O"	"I	O"	"started	O"	"behaving	B"	"oddly	I"	"so	O"	"they	O"	"took	O"	"me	O"	"off	O"	"it	O"	"and	O"	"put	O"	"me	O"	"on	O"	"	O"	"Sertraline	O"

"@	O"	"AnyssiaKaissa	O"	"Depakote	B"	"made	O"	"me	O"	"feel	O"	"flat	B"	",	O"	"but	O"	"helps	O"	"many	O"	".	O"	"Zyprexa	O"	"can	O"	"cause	O"	"weight	B"	"gain	I"	",	O"	"so	O"	"be	O"	"very	O"	"careful	O"	".	O"	"I	O"	"can't	O"	"tolerate	O"	"it	O"	".	O"

"@	O"	"jessovenden	O"	"No	O"	"more	O"	"SSRI’s	O"	"for	O"	"me	O"	".	O"	"They	O"	"kept	O"	"giving	O"	"me	O"	"manic	B"	"reactions	I"	",	O"	"usually	O"	"angry	B"	".	O"	"The	O"	"Seroquel	O"	"has	O"	"me	O"	"feeling	O"	"too	O"	"tired	B"	".	O"	"It’s	O"	"brutal	O"

"@	O"	"ReneeLiedig	O"	"Hi	O"	"idk	O"	"who	O"	"you	O"	"are	O"	"but	O"	"I	O"	"just	O"	"wanted	O"	"to	O"	"let	O"	"you	O"	"know	O"	"I	O"	"gained	B"	"over	I"	"20	I"	"lbs	I"	"on	O"	"Paxil	O"	".	O"	"Be	O"	"watchful	O"	".	O"

"Kinda	O"	"worried	O"	"about	O"	"the	O"	"nighttime	O"	"jaw	B"	"clenching	I"	"from	O"	"Effexor	O"	",	O"	"what	O"	"with	O"	"my	O"	"tongue	O"	"ring	O"	"and	O"	"all	O"	".	O"	".	O"	".	O"	":	O"	"L	O"

"@	O"	"Zymymar	O"	"stopped	O"	"Zoloft	B"	"cold	O"	"turkey	O"	"after	O"	"I	O"	"became	O"	"suicidal	B"	",	O"	"stopped	O"	"Effexor	O"	"because	O"	"I	O"	"was	O"	"numb	B"	".	O"

"@	O"	"CaroleWhelan	O"	"I	O"	"find	O"	"the	O"	"baclofen	O"	"worse	O"	",	O"	"it	O"	"has	O"	"left	O"	"me	O"	"in	O"	"a	O"	"tired	B"	"/	O"	"sleepy	B"	"fog	B"	"all	O"	"day	O"	"-	O"	"the	O"	"codeine	O"	"I	O"	"can	O"	"(	O"	"mostly	O"	")	O"	"deal	O"	"with	O"	".	O"

"@	O"	"scrabalisios	O"	"I	O"	"hav	O"	"to	O"	"come	O"	"of	O"	"the	O"	"duloxetine	O"	"immediately	O"	"as	O"	"I	O"	"hav	O"	"a	O"	"terrible	O"	"rash	B"	"because	O"	"of	O"	"it	O"	"!	O"	"Had	O"	"the	O"	"rash	B"	"2	O"	"weeks	O"

"My	O"	"3	O"	"favourite	O"	"things	O"	"about	O"	"fluoxetine	O"	"are	O"	":	O"	"It	O"	"doesnt	O"	"work	O"	"as	O"	"an	O"	"antidepressant	B"	".	O"	"Increases	O"	"suicidal	B"	"thoughts	I"	".	O"	"It	O"	"stops	B"	"you	I"	"from	I"	"jizzing	I"	".	O"

"I	O"	"need	O"	"to	O"	"progress	O"	"onto	O"	"oxazepam	O"	".	O"	"Apparently	O"	"it's	O"	"more	O"	"sedating	O"	".	O"	"Seroquel	O"	"is	O"	"sedating	O"	",	O"	"but	O"	"you	O"	"can	O"	"hardly	B"	"open	I"	"or	I"	"close	I"	"your	I"	"mouth	I"	".	O"

"I	O"	"LOVE	O"	"this	O"	"Effexor	O"	"!	O"	"MAJORLY	O"	"kills	B"	"my	I"	"libido	I"	".	O"

"Rivaroxaban	O"	"2	O"	"/	O"	"2	O"	"if	O"	"I	O"	"could	O"	"float	O"	"weightless	O"	"in	O"	"space	O"	"I	O"	"suspect	O"	"I	O"	"would	O"	"not	O"	"ache	B"	".	O"	"But	O"	"I	O"	"can't	O"	"so	O"	"need	O"	"rid	O"	"of	O"	"Rivaroxaban	O"	".	O"

"@	O"	"anwen	O"	"@	O"	"Ellwynnnnn	O"	"Venlafaxine	O"	"withdrawal	B"	"is	O"	"worse	O"	"than	O"	"most	O"	"by	O"	"miles	O"	"x	O"

"Day	O"	"five	O"	"of	O"	"no	O"	"effexor	O"	".	O"	"I	O"	"am	O"	"guessing	O"	"this	O"	"is	O"	"what	O"	"it	O"	"feels	B"	"like	I"	"when	I"	"you	I"	"come	I"	"off	I"	"heroin	I"	".	O"	".	O"	".	O"	"#	O"	"discontinuation	O"

"@	O"	"GangamStyleDad	O"	"is	O"	"that	O"	"like	O"	"quetiapine	O"	".	O"	"when	O"	"i	O"	"had	O"	"to	O"	"take	O"	"that	O"	"crap	O"	"i	O"	"could	O"	"not	B"	"stay	I"	"up	I"	"longer	O"	"than	O"	"11	O"	"hours	O"

"Sent	O"	"my	O"	"lovely	O"	"compandre	O"	"to	O"	"fuel	O"	"my	O"	"nicotine	O"	"addiction	B"

"I	O"	"ate	B"	"2	O"	"cakes	O"	"+	O"	"2	O"	"pastries	O"	"at	O"	"work	O"	"today	O"	".	O"	"Blaming	O"	"the	O"	"quetiapine	O"	"rather	O"	"than	O"	"my	O"	"liking	O"	"for	O"	"cakes	O"	".	O"	"Blaming	O"	"work	O"	"too	O"	"for	O"	"providing	O"	"free	O"	"cake	O"	".	O"

"whyyyyy	O"	"so	O"	"painful	B"	"#	O"	"humira	O"

"@	O"	"Rowlegendary	O"	"r	O"	"u	O"	"on	O"	"any	O"	"meds	O"	"?	O"	"my	O"	"dreams	B"	"on	O"	"seroquel	O"	"are	O"	"fucked	O"	"up	O"

"@	O"	"crescentcolours	O"	"that'll	O"	"be	O"	"the	O"	"quetiapine	O"	"making	O"	"you	O"	"drowsy	B"	".	O"	"It's	O"	"a	O"	"common	O"	"side	O"	"effect	O"	"xx	O"

"Wanna	O"	"go	O"	"back	B"	"to	I"	"sleep	I"	",	O"	"but	O"	"this	O"	"vyvanse	O"	"ain't	O"	"letting	O"	"me	O"

"@	O"	"thekillmars300	O"	"called	O"	"lamictal	O"	"(	O"	"for	O"	"anxiety	B"	")	O"	"that	O"	"turns	O"	"out	O"	"I'm	O"	"allergic	B"	"to	O"	"also	O"	".	O"	"Kicker	O"	"is	O"	",	O"	"they	O"	"both	O"	"can	O"	"cause	O"	"SJS	B"	".	O"	"I	O"	"never	O"	"had	O"	"a	O"	"chance	O"	".	O"

"@	O"	"any1mouse	O"	"jus	O"	"Gt	O"	"bck	O"	"myself	O"	",	O"	"hes	O"	"puT	O"	"me	O"	"on	O"	"citalopram	B"	"in	O"	"addition	O"	"2	O"	"the	O"	"quetiapine	O"	"!	O"	"Im	O"	"a	O"	"bit	O"	"worried	O"	"as	O"	"citalopram	B"	"has	O"	"made	O"	"me	O"	"manic	B"	"before	O"

"@	O"	"annaspargoryan	O"	"benzos	O"	"don't	O"	"work	O"	"for	O"	"me	O"	"&	O"	"I've	O"	"had	O"	"a	O"	"cracker	O"	"of	O"	"a	O"	"panic	B"	"attack	I"	"on	O"	"seroquel	O"	".	O"	"listening	O"	"to	O"	"people	O"	"chat	O"	"on	O"	"podcasts	O"	"helps	O"	"me	O"	".	O"

"@	O"	"Boop	O"	"_	O"	"B	O"	"_	O"	"Love	O"	"vyvanse	O"	"and	O"	"adivan	O"	".	O"	".	O"	".	O"	".	O"	"its	O"	"wS	O"	"a	O"	"crazy	O"	"night	O"	"my	O"	"heart	B"	"stopped	I"	"for	O"	"like	O"	"36	O"	"seconds	O"	".	O"	"Woke	O"	"up	O"	"in	O"	"the	O"	"mental	O"	"hospital	O"	".	O"

"New	O"	"Fycompa®	O"	"(	O"	"Perampanel	O"	")	O"	"Data	O"	"Presented	O"	"At	O"	"International	O"	"Epilepsy	O"	"Congress	O"	"(	O"	"IEC	O"	")	O"	":	O"	"New	O"	"data	O"	"provides	O"	"additional…	O"

"Xarelto	O"	",	O"	"Eliquis	O"	"and	O"	"Pradaxa	O"	"are	O"	"all	O"	"great	O"	"drugs	O"	"EXCEPT	O"	"they	O"	"don't	O"	"have	O"	"antidotes	O"	".	O"	".	O"	".	O"	"and	O"	"that's	O"	"my	O"	"only	O"	"reason	O"	"to	O"	"prefer	O"	"Coumadin	O"

"one	O"	"time	O"	"i	O"	"liked	O"	"a	O"	"guy	O"	"and	O"	"told	O"	"him	O"	"i	O"	"was	O"	"sad	O"	"a	O"	"lot	O"	"and	O"	"he	O"	"told	O"	"me	O"	"to	O"	"take	O"	"cymbalta	O"	"and	O"	"thats	O"	"why	O"	"i	O"	"hate	O"	"people	O"

"I'm	O"	"super	O"	"trillz	O"	"and	O"	"u	O"	"kno	O"	"dat	O"	"aaaaand	O"	"dat	O"	"pussy	O"	"throwback	O"	",	O"	"and	O"	"any	O"	"given	O"	"night	O"	"I	O"	"can	O"	"still	O"	"pop	O"	"that	O"	"ass	O"	"like	O"	"a	O"	"Prozac	O"

"This	O"	"aint	O"	"somekinda	O"	"cry	O"	"for	O"	"help	O"	"but	O"	"Im	O"	"done	O"	"iv	O"	"had	O"	"all	O"	"I	O"	"can	O"	"take	O"	"the	O"	"moonshine	O"	"ain't	O"	"workin	O"	"the	O"	"nicotine	O"	"ain't	O"	"workin	O"	"Its	O"	"time	O"	"for	O"	"me	O"	"togo	O"

"Pristiq	O"	"isn't	O"	"helping	O"	".	O"	"I'm	O"	"in	O"	"a	O"	"great	O"	"mood	O"	".	O"	"Want	O"	"to	I"	"live	O"	"forever	O"	".	O"	"Love	O"	"life	O"	".	O"	"It	O"	"was	O"	"easy	O"	"when	O"	"I	O"	"had	O"	"no	O"	"mental	O"	"health	O"	"care	O"	".	O"	"Wanted	B"	"to	I"	"diethen	O"

"@	O"	"_	O"	"D	O"	"_	O"	"i	O"	"_	O"	"a	O"	"_	O"	"s	O"	"_	O"	"you're	O"	"starting	O"	"to	O"	"sound	O"	"like	O"	"a	O"	"Cymbalta	O"	"commercial	O"	",	O"	"lighten	O"	"up	O"	"!	O"

"@	O"	"_	O"	"MyBitchsLoveMe	O"	":	O"	"Depression	O"	"hurts	O"	".	O"	"Cymbalta	O"	"can	O"	"help	O"	".	O"	"CRACKING	O"	"THE	O"	"FUCK	O"	"UP	O"	"!	O"	"!	O"	"!	O"	"!	O"

"Four	O"	"Tops	O"	"-	O"	"Olanzapine	O"	"and	O"	"a	O"	"good	O"	"mental	O"	"health	O"	"consultant	O"	"in	O"	"Acapulco	O"	"#	O"	"PopstarDemands	O"

"If	O"	"Prozac	O"	"be	O"	"the	O"	"food	O"	"of	O"	"love	O"	",	O"	"lay	O"	"down	O"	"in	O"	"a	O"	"darkened	O"	"room	O"	"#	O"	"BadShakespeare	O"

"@	O"	"nobleday	O"	"medications	O"	"like	O"	"copaxone	O"	"rebif	O"	",	O"	"gilenya	O"	"or	O"	"tysabri	O"	"wouldn't	O"	"be	O"	"here	O"	"today	O"	"without	O"	"it	O"

"WS	O"	"Waring	O"	"@	O"	"acutemedicine	O"	"After	O"	"massive	O"	"olanzapine	O"	"overdose	O"	",	O"	"serum	O"	"levels	O"	"may	O"	"remain	O"	"high	O"	"for	O"	"over	O"	"72	O"	"hours	O"	"#	O"	"SAMCoventry	O"

"Watched	O"	"Silver	O"	"Linings	O"	"Playbook	O"	"tonight	O"	".	O"	"Terrific	O"	"movie	O"	",	O"	"except	O"	"nobody	O"	"says	O"	"Trazodone	O"	"like	O"	"that	O"	".	O"

"@	O"	"Vixoen	O"	"Sequel	O"	"?	O"	"You	O"	"mean	O"	"Seroquel	O"	"?	O"	"(	O"	"I	O"	"think	O"	"Sequel	O"	"is	O"	"what	O"	"you	O"	"take	O"	"before	O"	"writing	O"	"your	O"	"second	O"	"book	O"	".	O"	")	O"

"@	O"	"AmyEllen	O"	"_	O"	"xo	O"	"fluoxetine	O"	"is	O"	"a	O"	"common	O"	"one	O"	",	O"	"but	O"	"I've	O"	"not	O"	"tried	O"	"it	O"	".	O"	"I'm	O"	"terrified	O"	"of	O"	"new	O"	"medications	O"	"in	O"	"case	O"	"they	O"	"give	O"	"me	O"	"side	O"	"effects	O"

"How	O"	"df	O"	"is	O"	"xarelto	O"	"pronounced	O"	"as	O"	"zarelto	O"	"?	O"	"It	O"	"has	O"	"an	O"	"X	O"	"n	O"	"an	O"	"X	O"	"does	O"	"not	O"	"make	O"	"the	O"	"Z	O"	"sound	O"	"!	O"	"!	O"	"!	O"	"#	O"	"WhatWithTheWorld	O"

"#	O"	"CMSC	O"	"A	O"	"new	O"	"test	O"	"to	O"	"establish	O"	"risk	O"	"of	O"	"PML	O"	"in	O"	"Tysabri	O"	"reveals	O"	"about	O"	"half	O"	"of	O"	"JCV	O"	"infected	O"	"patients	O"	"have	O"	"very	O"	"low	O"	"risk	O"	"of	O"	"PML	O"

"@	O"	"AbdulHabiba	O"	"hope	O"	"u	O"	"are	O"	"fine	O"	"now	O"	".	O"	"Just	O"	"finished	O"	"taking	O"	"mine	O"	"also	O"	"last	O"	"month	O"	".	O"	"Cipro	O"	"tab	O"	"and	O"	"d	O"	"rest	O"	".	O"	".	O"	".	O"	"So	O"	"I	O"	"dnt	O"	"need	O"	"them	O"	"again	O"	".	O"

"Trajenta®	O"	"(	O"	"Linagliptin	O"	")	O"	":	O"	"New	O"	"Data	O"	"On	O"	"Safety	O"	"And	O"	"Efficacy	O"	"In	O"	"Type	O"	"2	O"	"Diabetes	O"	"Patients	O"	"With	O"	"Renal	O"	"Impairment	O"	"http	O"	":	O"	"/	O"	"/	O"	"dlvr	O"	".	O"	"it	O"	"/	O"	"3ZjMML 	O"	"#	O"	"today	O"

"If	O"	"you	O"	"or	O"	"a	O"	"loved	O"	"one	O"	"has	O"	"experienced	O"	"severe	O"	"side	O"	"effects	O"	"from	O"	"the	O"	"use	O"	"of	O"	"Fosamax	O"	",	O"	"contact	O"	"us	O"	"toll	O"	"free	O"	".	O"	"1	O"	".	O"	"888	O"	".	O"	"520	O"	".	O"	"5202	O"	".	O"	"Habla	O"	"Espanol	O"	".	O"

"Medical	O"	"professionals	O"	"on	O"	"my	O"	"feed	O"	".	O"	".	O"	".	O"	"any	O"	"thing	O"	"I	O"	"need	O"	"to	O"	"know	O"	"about	O"	"this	O"	"med	O"	":	O"	"lamotrigine	O"	".	O"	"It's	O"	"being	O"	"used	O"	"to	O"	"treat	O"	"bipolar	B"	"teen	O"	".	O"

"Depression	O"	"hurts	O"	",	O"	"Cymbalta	O"	"can	O"	"help	O"	".	O"

"Depression	O"	"hurts	O"	".	O"	"Cymbalta	O"	"can	O"	"help	O"

"#	O"	"ifitwasntfor	O"	"vyvanse	O"	"&	O"	"coffee	O"	",	O"	"I	O"	"wouldn't	O"	"be	O"	"able	O"	"to	O"	"work	O"	"as	O"	"much	O"	"as	O"	"I	O"	"do	O"	".	O"	"#	O"	"true	O"

"@	O"	"split	O"	"_	O"	"tha	O"	"_	O"	"Mhz	O"	"technically	O"	",	O"	"olanzapine	O"	"isn't	O"	"fda	O"	"approved	O"	"in	O"	"bipolar	O"	"depression	O"	".	O"

"Dear	O"	"ciprofloxacin	O"	",	O"	"i	O"	"count	O"	"on	O"	"you	O"	":	O"	"(	O"

"I'm	O"	"bout	O"	"to	O"	"get	O"	"me	O"	"a	O"	"sierra	O"	"mist	O"	".	O"	"I	O"	"wish	O"	"I	O"	"had	O"	"some	O"	"seroquel	O"	"xr	O"	"so	O"	"I	O"	"could	O"	"go	O"	"to	O"	"sleep	B"

"Biff	O"	"didn't	O"	"really	O"	"look	O"	"like	O"	"a	O"	"bear	O"	".	O"	"A	O"	"weird	O"	"creature	O"	".	O"	"His	O"	"face	O"	"was	O"	"like	O"	"a	O"	"lozenge	O"	":	O"	"|	O"

"alright	O"	"i	O"	"have	O"	"to	O"	"get	O"	"stuff	O"	"done	O"	",	O"	"work	O"	"with	O"	"me	O"	"vyvanse	O"

"trying	O"	"to	O"	"go	O"	"to	O"	"bed	O"	"early	O"	"tonight	O"	".	O"	"took	O"	"my	O"	"trazodone	O"	"again	O"	"just	O"	"so	O"	"I	O"	"hopefully	O"	"don't	O"	"wake	O"	"up	O"	"at	O"	"five	O"	"am	O"	"but	O"	"I	O"	"probably	O"	"will	O"	"ugh	O"

"@	O"	"EquineJournal	O"	"neue	O"	"schule	O"	"trans	O"	"-	O"	"angle	O"	"lozenge	O"	"every	O"	"time	O"

"This	O"	"tastes	O"	"like	O"	"liquid	O"	"fluoxetine	O"	"tastes	O"	"but	O"	"I'm	O"	"pretty	O"	"sure	O"	"if	O"	"I	O"	"drink	O"	"it	O"	"quick	O"	"it'll	O"	"taste	O"	"betterpic	O"	".	O"	"twitter	O"	".	O"	"com	O"	"/	O"	"AHDxKnaLrr	O"

"@	O"	"deltrimental	O"	"Stopping	O"	"Effexor	O"	"is	O"	"probably	O"	"good	O"	"but	O"	"not	O"	"suddenly	O"	"!	O"	"xxx	O"

"@	O"	"PaxilParox	O"	"Paxil	O"	"is	O"	"right	O"	"up	O"	"there	O"	"with	O"	"Joey	O"	"and	O"	"Daniel	O"	".	O"

"@	O"	"UberFacts	O"	":	O"	"Bananas	O"	"contain	O"	"a	O"	"natural	O"	"chemical	O"	"that	O"	"can	O"	"make	O"	"a	O"	"person	O"	"happy	O"	"-	O"	"The	O"	"same	O"	"chemical	O"	"found	O"	"in	O"	"Prozac	O"	".	O"

"“	O"	"@	O"	"janokie	O"	"_	O"	":	O"	"depression	O"	"hurts	O"	",	O"	"cymbalta	O"	"can	O"	"help	O"	".	O"	".	O"	".	O"	"”thanks	O"	"janelle	O"

"Doubling	O"	"on	O"	"the	O"	"seroquel	O"	"=	O"	"passing	O"	"the	O"	"fuck	O"	"out	O"	".	O"	"Night	O"	"bitches	O"

"RT	O"	"@	O"	"boehringer	O"	":	O"	"#	O"	"dabigatran	O"	"submitted	O"	"to	O"	"EMA	O"	"for	O"	"acute	O"	"#	O"	"treatment	O"	"&	O"	"prevention	O"	"of	O"	"recurrent	O"	"#	O"	"DVT	O"	"#	O"	"Pulmonaryembolism	O"	"http	O"	":	O"	"/	O"	"/	O"	"bit	O"	".	O"	"ly	O"	"/	O"	"12kvxKo 	O"

"@	O"	"KellyRawlings	O"	"so	O"	"interesting	O"	"!	O"	"!	O"	"Any	O"	"mention	O"	"of	O"	"meds	O"	"like	O"	"Symlin	O"	",	O"	"victoza	O"	"and	O"	"their	O"	"impact	O"	"on	O"	"lag	O"	"times	O"	",	O"	"post	O"	"meal	O"	"hypers	O"	"?	O"

"Seroquel	O"	"takes	O"	"a	O"	"long	O"	"time	O"	"to	O"	"hit	O"	"me	O"	"]	O"	":	O"	":	O"	":	O"

"09	O"	".	O"	"26	O"	"day	O"	"12	O"	"rivaroxaban	O"	"diary	O"	":	O"	"headache	B"	",	O"	"right	O"	"shoulder	O"	"and	O"	"neck	O"	"ache	B"	",	O"	"lower	O"	"back	B"	"pain	I"	",	O"	"weak	B"	"knees	I"	",	O"	"limping	B"	"when	O"	"walking	O"	".	O"	"Taken	O"	"paracetamol	O"

"@	O"	"billyjapan	O"	"you	O"	"are	O"	"not	O"	"taking	O"	"any	O"	"now	O"	"?	O"	"Hub	O"	"doesn't	O"	"seem	O"	"100	O"	"%	O"	"convinced	O"	".	O"	"I'm	O"	"lucky	O"	"I'm	O"	"on	O"	"Paxil	O"	"for	O"	"16	O"	"years	O"	",	O"	"feels	O"	"that's	O"	"my	O"	"meds	O"	".	O"

"@	O"	"scrabalisios	O"	"yes	O"	"I	O"	"have	O"	"been	O"	"for	O"	"my	O"	"tysabri	O"	"this	O"	"morning	O"	"and	O"	"now	O"	"lazing	O"	"on	O"	"the	O"	"sofa	O"	":	O"	"(	O"	"kids	O"	"are	O"	"going	O"	"to	O"	"the	O"	"outlaws	O"	"for	O"	"the	O"	"weekend	O"	":	O"	")	O"

"@	O"	"ETtube	O"	"@	O"	"HeatherM211	O"	"Not	O"	"sure	O"	"I	O"	"follow	O"	".	O"	"Are	O"	"you	O"	"encouraging	O"	"antiplatelet	O"	"use	O"	"with	O"	"dabigatran	O"	"?	O"

"“	O"	"@	O"	"rosenthal	O"	"_	O"	"bob	O"	":	O"	"#	O"	"IBD	B"	"#	O"	"crohns	B"	"Humira	O"	"night	O"	".	O"	"”	O"	"Good	O"	"luck	O"	"!	O"

"@	O"	"AsherBo	O"	"dude	O"	".	O"	"Give	O"	"her	O"	"some	O"	"cymbalta	O"	"or	O"	"something	O"	".	O"	"Pipe	O"	"down	O"	"there	O"	"hot	O"	"shot	O"	".	O"

"If	O"	"interested	O"	"in	O"	"the	O"	"Sandoz	O"	"#	O"	"etanercept	O"	"phase	O"	"3	O"	"study	O"	",	O"	"you	O"	"should	O"	"know	O"	"about	O"	"this	O"	",	O"	"too	O"	".	O"	"#	O"	"biosimilars	O"	"#	O"	"pharma	O"	"#	O"	"patenthttp	O"	":	O"	"/	O"	"/	O"	"www	O"	".	O"	"law360	O"	".	O"	"com	O"	"/	O"	"articles	O"	"/	O"	"453103	O"	"/	O"	"sandoz	O"	"-	O"	"fights	O"	"-	O"	"amgen	O"	"-	O"	"enbrel	O"	"-	O"	"patent …	O"

"The	O"	"Fluoroquinolone	O"	"Syndrome	O"	"<	O"	"-	O"	"Have	O"	"you	O"	"experienced	O"	"side	O"	"effects	O"	"from	O"	"taking	O"	"Quinolones	O"	"antibiotics	O"	"(	O"	"e	O"	".	O"	"g	O"	".	O"	"Cipro	O"	")	O"	"?	O"

"TIP	O"	":	O"	"My	O"	"5	O"	"item	O"	"health	O"	"kit	O"	"for	O"	"distant	O"	"lands	O"	":	O"	"Cipro	O"	"(	O"	"gut	O"	")	O"	",	O"	"Z	O"	"Pak	O"	"(	O"	"chest	O"	")	O"	",	O"	"Pepto	O"	"(	O"	"stomach	O"	")	O"	",	O"	"Purell	O"	"(	O"	"germs	O"	")	O"	",	O"	"Advil	O"	"(	O"	"hangovers	O"	")	O"	".	O"	"#	O"	"TravelSkills	O"

"“	O"	"@	O"	"TScpCancer	O"	":	O"	"#	O"	"StarSignFacts	O"	":	O"	"Cancer	O"	"tends	O"	"to	O"	"be	O"	"extremely	O"	"moody	O"	".	O"	"”	O"	".	O"	".	O"	".	O"	"I	O"	"obviously	O"	"need	O"	"some	O"	"Prozac	O"	"or	O"	"better	O"	"dick	O"	"in	O"	"my	O"	"life	O"	".	O"	"#	O"	"happiness	O"

"#	O"	"FDA	O"	"approves	O"	"Noven's	O"	"Brisdelle	O"	"(	O"	"paroxetine	O"	")	O"	"for	O"	"hot	O"	"flashes	O"	"associated	O"	"with	O"	"menopause	O"

"(	O"	"Ann	O"	"Pharmacother	O"	")	O"	"The	O"	"Role	O"	"of	O"	"Denosumab	O"	"for	O"	"Prevention	O"	"of	O"	"Skeletal	O"	"-	O"	"Related	O"	"Complications	O"	"in	O"	"Multiple	O"	"Myeloma	O"	"http	O"	":	O"	"/	O"	"/	O"	"www	O"	".	O"	"theannals	O"	".	O"	"com	O"	"/	O"	"content	O"	"/	O"	"early	O"	"/	O"	"2013	O"	"/	O"	"06	O"	"/	O"	"18	O"	"/	O"	"aph	O"	".	O"	"1R776	O"	".	O"	"abstract	O"	".	O"	"html …	O"

"@	O"	"AerobicsFirst	O"	"ok	O"	".	O"	".	O"	".	O"	".	O"	".	O"	"no	O"	"problem	O"	".	O"	"I	O"	"did	O"	"think	O"	"running	O"	"shoes	O"	"and	O"	"snorting	O"	"prozac	O"	"were	O"	"at	O"	"the	O"	"opposite	O"	"end	O"	"of	O"	"the	O"	"relationship	O"	"spectrum	O"	".	O"

"I'm	O"	"on	O"	"that	O"	"good	O"	"vyvanse	O"	"and	O"	"alcohol	O"

"Now	O"	"I'm	O"	"on	O"	"klonopin	O"	"and	O"	"Abilify	O"	"with	O"	"my	O"	"Paxil	O"	",	O"	"hoping	O"	"these	O"	"work	O"	".	O"	"Also	O"	"have	O"	"a	O"	"case	O"	"worker	O"	"to	O"	"start	O"	"me	O"	"on	O"	"social	O"	"security	O"	".	O"

"@	O"	"lanes0220	O"	"Guess	O"	"I	O"	"don't	O"	"know	O"	"her	O"	"table	O"	"of	O"	"brands	O"	".	O"	".	O"	".	O"	"Ham	O"	",	O"	"cream	O"	"cheese	O"	",	O"	"Victoza	O"	",	O"	"Caesar's	O"	",	O"	"Food	O"	"Network	O"	".	O"	"Which	O"	"ones	O"	"are	O"	"sticking	O"	"?	O"

"Cymbalta	O"	"is	O"	"used	O"	"for	O"	"way	O"	"too	O"	"many	O"	"things	O"	"how	O"	"does	O"	"no	O"	"one	O"	"see	O"	"that	O"	"as	O"	"a	O"	"problem	O"

"“	O"	"@	O"	"UberFacts	O"	":	O"	"Bananas	O"	"contain	O"	"a	O"	"natural	O"	"chemical	O"	"that	O"	"can	O"	"make	O"	"a	O"	"person	O"	"happy	O"	"-	O"	"The	O"	"same	O"	"chemical	O"	"found	O"	"in	O"	"Prozac	O"	".	O"	"”	O"	"@	O"	"ElizabethJeanB	O"

"@	O"	"UberFacts	O"	":	O"	"Bananas	O"	"contain	O"	"a	O"	"natural	O"	"chemical	O"	"that	O"	"can	O"	"make	O"	"a	O"	"person	O"	"happy	O"	"-	O"	"The	O"	"same	O"	"chemical	O"	"foundin	O"	"Prozac	O"	"@	O"	"tidahrox	O"	"seewhatyourmissing	O"

"@	O"	"DrJudyStone	O"	"Dr	O"	"-	O"	"read	O"	"you	O"	"know	O"	"side	O"	"effects	O"	"of	O"	"Levaquin	O"	",	O"	"Avelox	O"	",	O"	"and	O"	"Cipro	O"	"-	O"	"True	O"	"?	O"	"Can	O"	"you	O"	"help	O"	"people	O"	"suffering	O"	"-	O"	"Drs	O"	".	O"	"tell	O"	"us	O"	"in	O"	"our	O"	"mindNO	O"	"WAY	O"

"Rivaroxaban	O"	"diary	O"	"day	O"	"22	O"	"then	O"	"add	O"	"1	O"	"drug	O"	"at	O"	"a	O"	"time	O"	"at	O"	"weekly	O"	"intervals	O"	".	O"	"Surely	O"	"easiest	O"	"way	O"	"to	O"	"lower	O"	"BP	B"	"is	O"	"to	O"	"lose	O"	"weight	O"	".	O"

"#	O"	"isth2013	O"	"metaanalysis	O"	"of	O"	"#	O"	"dabigatran	O"	"etexilate	O"	"clearly	O"	"induces	O"	"risk	O"	"of	O"	"myocardial	O"	"infarction	O"	".	O"	".	O"	".	O"

"Effects	O"	"of	O"	"repeated	O"	"dosing	O"	"with	O"	"mirtazapine	O"	",	O"	"trazodone	O"	",	O"	"or	O"	"placebo	O"	"on	O"	"driving	O"	"performance	O"	"and	O"	"cognitive	O"	"function	O"	".	O"	".	O"	".	O"

"@	O"	"ThePlushGourmet	O"	"what	O"	"about	O"	"cymbalta	O"	"for	O"	"nerve	O"	"pain	O"	"?	O"	"Would	O"	"it	O"	"be	O"	"an	O"	"option	O"	"?	O"

"I	O"	"am	O"	"the	O"	"throat	O"	"lozenge	O"	"Gwede	O"	"Mantashe	O"	"refused	O"	".	O"

"Grandpa	O"	"Prozac	O"	"&	O"	"The	O"	"Gr8	O"	"Depression	O"	"by	O"	"@	O"	"LTCartoons	O"	"#	O"	"offbeat	O"	"#	O"	"cartoons	O"	"#	O"	"humorpic	O"	".	O"	"twitter	O"	".	O"	"com	O"	"/	O"	"ziQxo5TYKn	O"

"RT	O"	"@	O"	"UberFacts	O"	":	O"	"Bananas	O"	"contain	O"	"a	O"	"natural	O"	"chemical	O"	"that	O"	"can	O"	"make	O"	"a	O"	"person	O"	"happy	O"	"-	O"	"The	O"	"same	O"	"chemical	O"	"found	O"	"in	O"	"Prozac	O"	".	O"

"euthyrox100	O"	"before	O"	"breakfast	O"	",	O"	"metoprolol	O"	"tartrate	O"	"after	O"	"breakfast	O"	"-	O"	"lifetime	O"	"partner	O"	"!	O"	"!	O"	"!	O"

"@	O"	"SKRDad	O"	"it's	O"	"all	O"	"about	O"	"the	O"	"long	O"	"view	O"	",	O"	"right	O"	"?	O"	"Humira	O"	"has	O"	"side	O"	"effects	O"	"for	O"	"a	O"	"few	O"	"days	O"	",	O"	"but	O"	"totally	O"	"worth	O"	"it	O"	"!	O"

"Fluoxetine	O"	"from	O"	"$	O"	"1	O"	".	O"	"92	O"	"per	O"	"capsule	O"	"in	O"	"1993	O"	"to	O"	"$	O"	"0	O"	".	O"	"03	O"	"today	O"	"#	O"	"PHARMAC	O"	"#	O"	"NZ	O"	"#	O"	"ihea2013	O"

"Sunovion	O"	"Pharmaceuticals	O"	"Inc	O"	".	O"	"Announces	O"	"FDA	O"	"Approval	O"	"Of	O"	"Latuda®	O"	"(	O"	"Lurasidone	O"	"HCl	O"	")	O"	"As	O"	"Monotherapy	O"	"And	O"	"Adjunctive	O"	"Therapy	O"	"In	O"	"Adult	O"	"Patients	O"	"Wi…	O"

"how	O"	"cn	O"	"u	O"	"gv	O"	"sum1	O"	"who's	O"	"simply	O"	"havn	O"	"trouble	O"	"sleeping	O"	"a	O"	"drug	O"	"that	O"	"is	O"	"as	O"	"potently	O"	"psychoactive	O"	"and	O"	"neuro	O"	"-	O"	"altering	O"	"as	O"	"Paxil	O"	"!	O"	"Lyk	O"	",	O"	"wtf	O"	"!	O"	"Really	O"	"?	O"

"Fosamax	O"	"has	O"	"been	O"	"linked	O"	"to	O"	"many	O"	"severe	O"	"side	O"	"effects	O"	"that	O"	"include	O"	"femur	O"	"fractures	O"	",	O"	"esophagus	O"	"problems	O"	",	O"	"&	O"	"hardening	O"	"of	O"	"the	O"	"jaw	O"	".	O"	"1	O"	".	O"	"888	O"	".	O"	"520	O"	".	O"	"5202	O"

"@	O"	"I	O"	"_	O"	"amYaLeader	O"	":	O"	"Florida	O"	"is	O"	"in	O"	"need	O"	"of	O"	"Cymbalta	O"	"!	O"	"All	O"	"this	O"	"depression	O"	"and	O"	"shit	O"	"!	O"	"L	O"	"O	O"	"FUCKING	O"	"L	O"

"Drove	O"	"to	O"	"hospital	O"	"for	O"	"#	O"	"Tysabri	O"	"in	O"	"Blue	O"	".	O"	"Left	O"	"early	O"	"(	O"	"London	O"	"traffic	O"	")	O"	",	O"	"only	O"	"took	O"	"20	O"	"mins	O"	"!	O"	"Blue	O"	"Badge	O"	"space	O"	"next	O"	"to	O"	"entrance	O"	".	O"	"#	O"	"winning	O"	"#	O"	"fuckms	O"

"#	O"	"Press	O"	":	O"	"organising	O"	"your	O"	"#	O"	"ISTH2013	O"	"diary	O"	"?	O"	"Oral	O"	"presentation	O"	"on	O"	"measurement	O"	"of	O"	"#	O"	"dabigatran	O"	"plasma	O"	"concentration	O"	"ePoster	O"	"4	O"	".	O"	"53	O"	"-	O"	"2	O"	",	O"	"13	O"	":	O"	"30	O"	".	O"	".	O"	".	O"

"Re	O"	":	O"	"Brisdelle	O"	"(	O"	"ie	O"	",	O"	"Low	O"	"dose	O"	"Paxil	O"	"-	O"	"an	O"	"antidepressant	O"	")	O"	"approved	O"	"for	O"	"hot	O"	"flashes	O"	".	O"	"Women	O"	"Need	O"	"More	O"	"Love	O"	",	O"	"Less	O"	"Drugs	O"	":	O"	"http	O"	":	O"	"/	O"	"/	O"	"ow	O"	".	O"	"ly	O"	"/	O"	"mxGwz 	O"

"08	O"	".	O"	"59	O"	"day	O"	"17	O"	"Rivaroxaban	O"	"diary	O"	".	O"	"A	O"	"doctor	O"	"will	O"	"'phone	O"	"me	O"	"back	O"	"about	O"	"lunchtime	O"	".	O"	"I'm	O"	"minded	O"	"to	O"	"take	O"	"myself	O"	"off	O"	"rvrxbn	O"	"as	O"	"side	O"	"effects	O"	"worsen	O"	".	O"

"@	O"	"geordiedavid	O"	"	O"	"I've	O"	"been	O"	"holding	O"	"out	O"	"for	O"	"lozenge	O"	"for	O"	"a	O"	"while	O"	",	O"	"still	O"	"nothing	O"	".	O"	"	O"	"	O"	"JM	O"

"Singing	O"	"Venlafaxine	O"	"to	O"	"the	O"	"tune	O"	"of	O"	"Joe	O"	"le	O"	"Taxi	O"	".	O"

"i	O"	"swear	O"	"food	O"	"has	O"	"nicotine	O"	"in	O"	"it	O"	",	O"	"cause	O"	"im	O"	"addicted	O"	"to	O"	"that	O"	"shit	O"	".	O"

"Lol	O"	"d	O"	"song	O"	"I	O"	"have	O"	"in	O"	"mind	O"	",	O"	"its	O"	"too	O"	"different	O"	".	O"	".	O"	"Dunno	O"	"if	O"	"others	O"	"will	O"	"like	O"	"it	O"	".	O"	".	O"	"I	O"	"dey	O"	"fear	O"	"to	O"	"record	O"	"am	O"	"lol	O"	".	O"	".	O"	"Nicotine	O"	"would	O"	"be	O"	"on	O"	"it	O"	"too	O"

"I	O"	"actually	O"	"really	O"	"like	O"	"this	O"	"Vyvanse	O"

"@	O"	"skinny	O"	"_	O"	"the	O"	"_	O"	"minx	O"	"I'm	O"	"on	O"	"fluoxetine	O"	".	O"	"Hm	O"	":	O"	"(	O"	"hope	O"	"you	O"	"feel	O"	"better	O"	"soon	O"	"lovely	O"	"!	O"	"!	O"	"Have	O"	"you	O"	"got	O"	"quite	O"	"a	O"	"stressful	O"	"job	O"	"?	O"	"X	O"

"RT	O"	"@	O"	"juniperrberry	O"	":	O"	"Animal	O"	"pharmaceuticals	O"	"Doggy	O"	"Prozac	O"	"called	O"	"'reconcile'	O"	"with	O"	"a	O"	"beefy	O"	"flavor	O"	"#	O"	"sfi	O"	"_	O"	"live	O"

"“	O"	"@	O"	"_	O"	"StareAndGrin17	O"	":	O"	"@	O"	"pinoymommy	O"	"@	O"	"wawam	O"	"oh	O"	"my	O"	".	O"	"G	O"	"you	O"	"silly	O"	"ones	O"	"!	O"	"”	O"	"-	O"	"its	O"	"the	O"	"prozac	O"	"&	O"	"zoloft	O"	"thats	O"	"making	O"	"us	O"	"tweet	O"	"these	O"	".	O"

"Depression	O"	"hurts	O"	".	O"	".	O"	".	O"	"Cymbalta	O"	"can	O"	"help	O"	"@	O"	"ShannonGaghan	O"

"Why	O"	"is	O"	"there	O"	"a	O"	"full	O"	"four	O"	"-	O"	"page	O"	"medical	O"	"guide	O"	"for	O"	"Xarelto	O"	"tablets	O"	"in	O"	"my	O"	"*	O"	"TV	O"	"*	O"	"guide	O"	"issue	O"	"?	O"	"Somethin'	O"	"ain't	O"	"right	O"	"here	O"	".	O"

"Self	O"	"-	O"	"injected	O"	"humira	O"	"for	O"	"first	O"	"time	O"	"!	O"	"fingers	O"	"x'd	O"	"it	O"	"works	O"	"#	O"	"spondylitis	B"	"#	O"	"crohns	B"

"Russia	O"	"is	O"	"angry	O"	"with	O"	"Potus	O"	"for	O"	"protecting	O"	"Monsanto	O"	"who	O"	"makes	O"	"nicotine	O"	"based	O"	"insecticides	O"	".	O"	"When	O"	"seeds	O"	"are	O"	"eaten	O"	"by	O"	"birds	O"	"the	O"	"birds	O"	"die	O"

"GZ	O"	"looks	O"	"like	O"	"he's	O"	"on	O"	"Paxil	O"	"or	O"	"something	O"	".	O"	"#	O"	"hlnzimmermantrial	O"

"I	O"	"finally	O"	"got	O"	"approved	O"	"for	O"	"my	O"	"humira	O"	"shot	O"	"this	O"	"week	O"	"!	O"	"!	O"	"!	O"	"And	O"	"I	O"	"got	O"	"my	O"	"electric	O"	"wheelchair	O"	"coming	O"	"by	O"	"the	O"	"15th	O"	"of	O"	"July	O"	"!	O"	"#	O"	"fightingra	O"

"@	O"	"thegovier	O"	"does	O"	"he	O"	"find	O"	"your	O"	"lack	O"	"of	O"	"nicotine	O"	"disturbing	O"	"?	O"

"@	O"	"radioheadlyrics	O"	"'I	O"	"won't	O"	"be	O"	"around	O"	".	O"	".	O"	".	O"	"when	O"	"you	O"	"really	O"	"need	O"	"me	O"	".	O"	"'	O"	"Lozenge	O"	"of	O"	"Love	O"	"-	O"	"one	O"	"of	O"	"my	O"	"favorite	O"	"#	O"	"Radiohead	O"	"songs	O"	".	O"

"Burning	O"	"down	O"	"the	O"	"nicotine	O"	"armoire	O"

"SAVOR	O"	"Trial	O"	"fails	O"	"to	O"	"meet	O"	"primary	O"	"endpoint	O"	"to	O"	"show	O"	"superiority	O"	"of	O"	"#	O"	"AstraZeneca	O"	",	O"	"Bristol	O"	"DPP	O"	"-	O"	"4	O"	"diabetes	O"	"drug	O"	"#	O"	"Onglyza	O"	"http	O"	":	O"	"/	O"	"/	O"	"www	O"	".	O"	"reuters	O"	".	O"	"com	O"	"/	O"	"article	O"	"/	O"	"2013	O"	"/	O"	"06	O"	"/	O"	"19	O"	"/	O"	"us	O"	"-	O"	"astrazeneca	O"	"-	O"	"diabetes	O"	"-	O"	"idUSBRE95I06Y20130619 …	O"

"A	O"	"local	O"	"pharmacist	O"	"reported	O"	"80	O"	"%	O"	"of	O"	"prescriptions	O"	"were	O"	"for	O"	"anti	O"	"-	O"	"depressants	O"	".	O"	"More	O"	"laughter	O"	",	O"	"less	O"	"Prozac	O"	"!	O"	"Share	O"	"an	O"	"attitude	O"	"of	O"	"gratitude	O"	"!	O"

"On	O"	"my	O"	"last	O"	"dose	O"	"of	O"	"Paxil	O"	".	O"	".	O"	".	O"	":	O"	"\	O"

"Love	O"	"seeing	O"	"/	O"	"hearing	O"	"a	O"	"fellow	O"	"latino	O"	"pronouncing	O"	"Guzman	O"	"properly	O"	".	O"	".	O"	".	O"	"but	O"	"Some1	O"	"get	O"	"@	O"	"jorgeandresESPN	O"	"a	O"	"throat	O"	"lozenge	O"	":	O"	")	O"

"@	O"	"ThoseRaverGuys	O"	"haha	O"	"Lucky	O"	":	O"	"P	O"	"I	O"	"hate	O"	"it	O"	"cause	O"	"god	O"	"knows	O"	"what	O"	"it	O"	"does	O"	"to	O"	"our	O"	"brain	O"	".	O"	".	O"	"but	O"	"it	O"	"helps	O"	"so	O"	"much	O"	".	O"	"I	O"	"want	O"	"a	O"	"vyvanse	O"	"prescription	O"

"Anybody	O"	"have	O"	"a	O"	"throat	O"	"lozenge	O"	"that	O"	"they	O"	"can	O"	"email	O"	"me	O"	"real	O"	"quick	O"	"?	O"

"@	O"	"pueblokc	O"	"Cymbalta	O"	"sounds	O"	"like	O"	"the	O"	"princess	O"	"in	O"	"an	O"	"80's	O"	"computer	O"	"game	O"	".	O"

"Dr	O"	"John	O"	"buse	O"	":	O"	"most	O"	"impressive	O"	"at	O"	"#	O"	"2013ada	O"	"Victoza	O"	"+	O"	"degludec	O"	"=	O"	"-	O"	"1	O"	".	O"	"9	O"	"%	O"	"A1c	O"	"reduction	O"	"insulin	O"	"on	O"	"steroids	O"	"bit	O"	"of	O"	"weight	O"	"loss	O"	"too	O"	"#	O"	"dTTCOYD	O"

"If	O"	"I	O"	"owned	O"	"a	O"	"business	O"	"I	O"	"would	O"	"sell	O"	"adderall	O"	"or	O"	"vyvanse	O"	"to	O"	"all	O"	"of	O"	"my	O"	"employees	O"	"so	O"	"they	O"	"would	O"	"work	O"	"harder	O"	"haha	O"

"I	O"	"need	O"	"a	O"	"few	O"	"Trazodone	O"	"and	O"	"a	O"	"good	O"	"nights	O"	"sleep	O"	".	O"	"See	O"	"you	O"	"guys	O"	".	O"	"I	O"	"really	O"	"hope	O"	"I	O"	"wake	O"	"up	O"	"to	O"	"storyline	O"	".	O"	"*	O"	"grins	O"	"*	O"

"Memantine	O"	"Add	O"	"-	O"	"On	O"	"to	O"	"Risperidone	O"	"for	O"	"Treatment	O"	"of	O"	"Negative	O"	"Symptoms	O"	"in	O"	"Patients	O"	"With	O"	"Stable	O"	"Schizophrenia	O"	":	O"	"Randomized	O"	",	O"	"Double	O"	"-	O"	"Blind	O"	",	O"	".	O"	".	O"	".	O"

"i'd	O"	"very	O"	"much	O"	"like	O"	"to	O"	"down	O"	"a	O"	"bottle	O"	"of	O"	"seroquel	O"	"right	O"	"now	O"	",	O"	"but	O"	"really	O"	",	O"	"what	O"	"good	O"	"would	O"	"that	O"	"do	O"	"for	O"	"me	O"	"?	O"	"none	O"	".	O"	"absolutely	O"	"none	O"

"Do	O"	"U	O"	"know	O"	"what	O"	"Medications	O"	"are	O"	"R	O"	"for	O"	"bipolar	O"	"depression	O"	"?	O"	"Currently	O"	"#	O"	"FDA	O"	"approved	O"	"#	O"	"quetiapine	O"	"AKA	O"	"Seroquel	O"

"Irritation	O"	"hurts	O"	".	O"	".	O"	".	O"	"cymbalta	O"	"can	O"	"help	O"	"#	O"	"Problems	O"	"@	O"	"_	O"	"De	O"	"_	O"	"VoN	O"	"_	O"

"Sliding	O"	"down	O"	"the	O"	"surface	O"	"of	O"	"things	O"	".	O"	"Keep	O"	"the	O"	"Venlafaxine	O"	",	O"	"I'm	O"	"done	O"	".	O"

"@	O"	"mavisMacCruet	O"	"Mavis	O"	",	O"	"may	O"	"I	O"	"recommend	O"	"60mg	O"	"of	O"	"fluoxetine	O"	"daily	O"	"to	O"	"help	O"	"with	O"	"your	O"	"obsessive	O"	"compulsive	O"	"disorder	O"	"?	O"	"?	O"	"#	O"	"McCann	O"

"Bananas	O"	"contain	O"	"a	O"	"natural	O"	"chemical	O"	"that	O"	"can	O"	"make	O"	"a	O"	"person	O"	"happy	O"	"-	O"	"The	O"	"same	O"	"chemical	O"	"found	O"	"in	O"	"Prozac	O"	".	O"	"”	O"	"Easy	O"	"Ladies	O"	"!	O"

"@	O"	"TheSeatedView	O"	"@	O"	"AmyBadkin	O"	"I	O"	"agree	O"	"absolutely	O"	".	O"	"Your	O"	"gonna	O"	"be	O"	"fine	O"	"amy	O"	".	O"	"Enbrel	O"	"give	O"	"me	O"	"no	O"	"problems	O"	"whatsoever	O"	".	O"	"xx	O"

"@	O"	"joedeens	O"	"@	O"	"nurse	O"	"_	O"	"w	O"	"_	O"	"glasses	O"	"@	O"	"tinabaker21	O"	"@	O"	"quetiapinefella	O"	"@	O"	"nevharvey	O"	"surely	O"	"having	O"	"an	O"	"addiction	O"	"to	O"	"nicotine	O"	"is	O"	"an	O"	"excuse	O"	"for	O"	"smoking	O"	"?	O"

"Ciprofloxacin	O"	"and	O"	"levofloxacin	O"	"use	O"	"most	O"	"extensively	O"	"in	O"	"children	O"	"B	O"	"/	O"	"C	O"	"on	O"	"basis	O"	"of	O"	"past	O"	"experience	O"	",	O"	"these	O"	"drugs	O"	"appear	O"	"to	O"	"be	O"	"well	O"	"tolerated	O"	".	O"

"Nicotine	O"	"and	O"	"faded	O"	"dreams	O"	",	O"	"baby	O"	"just	O"	"believe	O"	"there's	O"	"no	O"	"one	O"	"else	O"	"like	O"	"me	O"

"The	O"	"Fluoroquinolone	O"	"Syndrome	O"	"<	O"	"-	O"	"Have	O"	"you	O"	"experienced	O"	"side	O"	"effects	O"	"from	O"	"taking	O"	"Quinolones	O"	"antibiotics	O"	"(	O"	"e	O"	".	O"	"g	O"	".	O"	"Cipro	O"	")	O"	"?	O"

"@	O"	"kastel	O"	"na	O"	"G	O"	"my	O"	"5HT	O"	"levels	O"	"are	O"	"good	O"	"just	O"	"need	O"	"a	O"	"dopamine	O"	"rush	O"	"gonna	O"	"pop	O"	"me	O"	"a	O"	"Bupropion	O"	"or	O"	"a	O"	"Venlafaxine	O"	".	O"	"Want	O"	"some	O"	"yeh	O"

"Effexor	O"	"Lawsuits	O"	"Involving	O"	"Heart	O"	"Birth	O"	"Defects	O"	"Removed	O"	"to	O"	"Federal	O"	"Court	O"	"#	O"	"Effexor	O"	"#	O"	"News	O"	"#	O"	"Antidepressants	O"

"Daily	O"	"saphris	O"	"time	O"

"@	O"	"shakeymike	O"	"is	O"	"feeling	O"	"under	O"	"the	O"	"weather	O"	".	O"	"I	O"	"had	O"	"to	O"	"put	O"	"out	O"	"the	O"	"trash	O"	".	O"	"It's	O"	"weird	O"	",	O"	"I	O"	"liked	O"	"it	O"	".	O"	"I	O"	"even	O"	"gave	O"	"Max	O"	"his	O"	"prozac	O"	"myself	O"	".	O"	"#	O"	"imaboss	O"

"@	O"	"louisnewbery	O"	"I	O"	"started	O"	"reducing	O"	"my	O"	"Venlafaxine	O"	"last	O"	"week	O"	".	O"	"The	O"	"lower	O"	"dose	O"	"is	O"	"just	O"	"starting	O"	"to	O"	"take	O"	"effect	O"	".	O"	"Another	O"	"5	O"	"weeks	O"	"to	O"	"go	O"	"-	O"	"at	O"	"least	O"	"!	O"

"@	O"	"lindzburk	O"	"I	O"	"feel	O"	"that	O"	"way	O"	"after	O"	"being	O"	"on	O"	"Namenda	O"	".	O"

"Best	O"	"dream	O"	"ever	O"	"last	O"	"night	O"	".	O"	"Thank	O"	"you	O"	"traZODone	O"	".	O"

"Damn	O"	"I	O"	"time	O"	"vyvanse	O"	"like	O"	"a	O"	"pro	O"	":	O"	")	O"	"gonna	O"	"be	O"	"another	O"	"good	O"	"shift	O"

